[2026-09-11 20:15:03] local.ERROR: SQLSTATE[42S02]: Base table or view not found: 1146 Table 'aber.products' doesn't exist (Connection: mysql, SQL: alter table `products` add `partition_id` bigint unsigned null) {"exception":"[object] (Illuminate\\Database\\QueryException(code: 42S02): SQLSTATE[42S02]: Base table or view not found: 1146 Table 'aber.products' doesn't exist (Connection: mysql, SQL: alter table `products` add `partition_id` bigint unsigned null) at C:\\laragon\\www\\aber\\vendor\\laravel\\framework\\src\\Illuminate\\Database\\Connection.php:822)
[stacktrace]
#0 C:\\laragon\\www\\aber\\vendor\\laravel\\framework\\src\\Illuminate\\Database\\Connection.php(776): Illuminate\\Database\\Connection->runQueryCallback('alter table `pr...', Array, Object(Closure))
#1 C:\\laragon\\www\\aber\\vendor\\laravel\\framework\\src\\Illuminate\\Database\\Connection.php(557): Illuminate\\Database\\Connection->run('alter table `pr...', Array, Object(Closure))
#2 C:\\laragon\\www\\aber\\vendor\\laravel\\framework\\src\\Illuminate\\Database\\Schema\\Blueprint.php(119): Illuminate\\Database\\Connection->statement('alter table `pr...')
#3 C:\\laragon\\www\\aber\\vendor\\laravel\\framework\\src\\Illuminate\\Database\\Schema\\Builder.php(618): Illuminate\\Database\\Schema\\Blueprint->build()
#4 C:\\laragon\\www\\aber\\vendor\\laravel\\framework\\src\\Illuminate\\Database\\Schema\\Builder.php(460): Illuminate\\Database\\Schema\\Builder->build(Object(Illuminate\\Database\\Schema\\Blueprint))
#5 C:\\laragon\\www\\aber\\vendor\\laravel\\framework\\src\\Illuminate\\Support\\Facades\\Facade.php(361): Illuminate\\Database\\Schema\\Builder->table('products', Object(Closure))
#6 C:\\laragon\\www\\aber\\database\\migrations\\2025_05_19_164953_add_columns_to_products_table.php(14): Illuminate\\Support\\Facades\\Facade::__callStatic('table', Array)
#7 C:\\laragon\\www\\aber\\vendor\\laravel\\framework\\src\\Illuminate\\Database\\Migrations\\Migrator.php(514): Illuminate\\Database\\Migrations\\Migration@anonymous->up()
#8 C:\\laragon\\www\\aber\\vendor\\laravel\\framework\\src\\Illuminate\\Database\\Migrations\\Migrator.php(439): Illuminate\\Database\\Migrations\\Migrator->runMethod(Object(Illuminate\\Database\\MySqlConnection), Object(Illuminate\\Database\\Migrations\\Migration@anonymous), 'up')
#9 C:\\laragon\\www\\aber\\vendor\\laravel\\framework\\src\\Illuminate\\Database\\Migrations\\Migrator.php(448): Illuminate\\Database\\Migrations\\Migrator->Illuminate\\Database\\Migrations\\{closure}()
#10 C:\\laragon\\www\\aber\\vendor\\laravel\\framework\\src\\Illuminate\\Database\\Migrations\\Migrator.php(250): Illuminate\\Database\\Migrations\\Migrator->runMigration(Object(Illuminate\\Database\\Migrations\\Migration@anonymous), 'up')
#11 C:\\laragon\\www\\aber\\vendor\\laravel\\framework\\src\\Illuminate\\Console\\View\\Components\\Task.php(41): Illuminate\\Database\\Migrations\\Migrator->Illuminate\\Database\\Migrations\\{closure}()
#12 C:\\laragon\\www\\aber\\vendor\\laravel\\framework\\src\\Illuminate\\Database\\Migrations\\Migrator.php(805): Illuminate\\Console\\View\\Components\\Task->render('2025_05_19_1649...', Object(Closure))
#13 C:\\laragon\\www\\aber\\vendor\\laravel\\framework\\src\\Illuminate\\Database\\Migrations\\Migrator.php(250): Illuminate\\Database\\Migrations\\Migrator->write('Illuminate\\\\Cons...', '2025_05_19_1649...', Object(Closure))
#14 C:\\laragon\\www\\aber\\vendor\\laravel\\framework\\src\\Illuminate\\Database\\Migrations\\Migrator.php(210): Illuminate\\Database\\Migrations\\Migrator->runUp('C:\\\\laragon\\\\www\\\\...', 1, false)
#15 C:\\laragon\\www\\aber\\vendor\\laravel\\framework\\src\\Illuminate\\Database\\Migrations\\Migrator.php(137): Illuminate\\Database\\Migrations\\Migrator->runPending(Array, Array)
#16 C:\\laragon\\www\\aber\\vendor\\laravel\\framework\\src\\Illuminate\\Database\\Console\\Migrations\\MigrateCommand.php(116): Illuminate\\Database\\Migrations\\Migrator->run(Array, Array)
#17 C:\\laragon\\www\\aber\\vendor\\laravel\\framework\\src\\Illuminate\\Database\\Migrations\\Migrator.php(665): Illuminate\\Database\\Console\\Migrations\\MigrateCommand->Illuminate\\Database\\Console\\Migrations\\{closure}()
#18 C:\\laragon\\www\\aber\\vendor\\laravel\\framework\\src\\Illuminate\\Database\\Console\\Migrations\\MigrateCommand.php(109): Illuminate\\Database\\Migrations\\Migrator->usingConnection(NULL, Object(Closure))
#19 C:\\laragon\\www\\aber\\vendor\\laravel\\framework\\src\\Illuminate\\Database\\Console\\Migrations\\MigrateCommand.php(88): Illuminate\\Database\\Console\\Migrations\\MigrateCommand->runMigrations()
#20 C:\\laragon\\www\\aber\\vendor\\laravel\\framework\\src\\Illuminate\\Container\\BoundMethod.php(36): Illuminate\\Database\\Console\\Migrations\\MigrateCommand->handle()
#21 C:\\laragon\\www\\aber\\vendor\\laravel\\framework\\src\\Illuminate\\Container\\Util.php(43): Illuminate\\Container\\BoundMethod::Illuminate\\Container\\{closure}()
#22 C:\\laragon\\www\\aber\\vendor\\laravel\\framework\\src\\Illuminate\\Container\\BoundMethod.php(96): Illuminate\\Container\\Util::unwrapIfClosure(Object(Closure))
#23 C:\\laragon\\www\\aber\\vendor\\laravel\\framework\\src\\Illuminate\\Container\\BoundMethod.php(35): Illuminate\\Container\\BoundMethod::callBoundMethod(Object(Illuminate\\Foundation\\Application), Array, Object(Closure))
#24 C:\\laragon\\www\\aber\\vendor\\laravel\\framework\\src\\Illuminate\\Container\\Container.php(754): Illuminate\\Container\\BoundMethod::call(Object(Illuminate\\Foundation\\Application), Array, Array, NULL)
#25 C:\\laragon\\www\\aber\\vendor\\laravel\\framework\\src\\Illuminate\\Console\\Command.php(211): Illuminate\\Container\\Container->call(Array)
#26 C:\\laragon\\www\\aber\\vendor\\symfony\\console\\Command\\Command.php(279): Illuminate\\Console\\Command->execute(Object(Symfony\\Component\\Console\\Input\\ArgvInput), Object(Illuminate\\Console\\OutputStyle))
#27 C:\\laragon\\www\\aber\\vendor\\laravel\\framework\\src\\Illuminate\\Console\\Command.php(180): Symfony\\Component\\Console\\Command\\Command->run(Object(Symfony\\Component\\Console\\Input\\ArgvInput), Object(Illuminate\\Console\\OutputStyle))
#28 C:\\laragon\\www\\aber\\vendor\\symfony\\console\\Application.php(1094): Illuminate\\Console\\Command->run(Object(Symfony\\Component\\Console\\Input\\ArgvInput), Object(Symfony\\Component\\Console\\Output\\ConsoleOutput))
#29 C:\\laragon\\www\\aber\\vendor\\symfony\\console\\Application.php(342): Symfony\\Component\\Console\\Application->doRunCommand(Object(Illuminate\\Database\\Console\\Migrations\\MigrateCommand), Object(Symfony\\Component\\Console\\Input\\ArgvInput), Object(Symfony\\Component\\Console\\Output\\ConsoleOutput))
#30 C:\\laragon\\www\\aber\\vendor\\symfony\\console\\Application.php(193): Symfony\\Component\\Console\\Application->doRun(Object(Symfony\\Component\\Console\\Input\\ArgvInput), Object(Symfony\\Component\\Console\\Output\\ConsoleOutput))
#31 C:\\laragon\\www\\aber\\vendor\\laravel\\framework\\src\\Illuminate\\Foundation\\Console\\Kernel.php(197): Symfony\\Component\\Console\\Application->run(Object(Symfony\\Component\\Console\\Input\\ArgvInput), Object(Symfony\\Component\\Console\\Output\\ConsoleOutput))
#32 C:\\laragon\\www\\aber\\vendor\\laravel\\framework\\src\\Illuminate\\Foundation\\Application.php(1234): Illuminate\\Foundation\\Console\\Kernel->handle(Object(Symfony\\Component\\Console\\Input\\ArgvInput), Object(Symfony\\Component\\Console\\Output\\ConsoleOutput))
#33 C:\\laragon\\www\\aber\\artisan(16): Illuminate\\Foundation\\Application->handleCommand(Object(Symfony\\Component\\Console\\Input\\ArgvInput))
#34 {main}

[previous exception] [object] (PDOException(code: 42S02): SQLSTATE[42S02]: Base table or view not found: 1146 Table 'aber.products' doesn't exist at C:\\laragon\\www\\aber\\vendor\\laravel\\framework\\src\\Illuminate\\Database\\Connection.php:568)
[stacktrace]
#0 C:\\laragon\\www\\aber\\vendor\\laravel\\framework\\src\\Illuminate\\Database\\Connection.php(568): PDOStatement->execute()
#1 C:\\laragon\\www\\aber\\vendor\\laravel\\framework\\src\\Illuminate\\Database\\Connection.php(809): Illuminate\\Database\\Connection->Illuminate\\Database\\{closure}('alter table `pr...', Array)
#2 C:\\laragon\\www\\aber\\vendor\\laravel\\framework\\src\\Illuminate\\Database\\Connection.php(776): Illuminate\\Database\\Connection->runQueryCallback('alter table `pr...', Array, Object(Closure))
#3 C:\\laragon\\www\\aber\\vendor\\laravel\\framework\\src\\Illuminate\\Database\\Connection.php(557): Illuminate\\Database\\Connection->run('alter table `pr...', Array, Object(Closure))
#4 C:\\laragon\\www\\aber\\vendor\\laravel\\framework\\src\\Illuminate\\Database\\Schema\\Blueprint.php(119): Illuminate\\Database\\Connection->statement('alter table `pr...')
#5 C:\\laragon\\www\\aber\\vendor\\laravel\\framework\\src\\Illuminate\\Database\\Schema\\Builder.php(618): Illuminate\\Database\\Schema\\Blueprint->build()
#6 C:\\laragon\\www\\aber\\vendor\\laravel\\framework\\src\\Illuminate\\Database\\Schema\\Builder.php(460): Illuminate\\Database\\Schema\\Builder->build(Object(Illuminate\\Database\\Schema\\Blueprint))
#7 C:\\laragon\\www\\aber\\vendor\\laravel\\framework\\src\\Illuminate\\Support\\Facades\\Facade.php(361): Illuminate\\Database\\Schema\\Builder->table('products', Object(Closure))
#8 C:\\laragon\\www\\aber\\database\\migrations\\2025_05_19_164953_add_columns_to_products_table.php(14): Illuminate\\Support\\Facades\\Facade::__callStatic('table', Array)
#9 C:\\laragon\\www\\aber\\vendor\\laravel\\framework\\src\\Illuminate\\Database\\Migrations\\Migrator.php(514): Illuminate\\Database\\Migrations\\Migration@anonymous->up()
#10 C:\\laragon\\www\\aber\\vendor\\laravel\\framework\\src\\Illuminate\\Database\\Migrations\\Migrator.php(439): Illuminate\\Database\\Migrations\\Migrator->runMethod(Object(Illuminate\\Database\\MySqlConnection), Object(Illuminate\\Database\\Migrations\\Migration@anonymous), 'up')
#11 C:\\laragon\\www\\aber\\vendor\\laravel\\framework\\src\\Illuminate\\Database\\Migrations\\Migrator.php(448): Illuminate\\Database\\Migrations\\Migrator->Illuminate\\Database\\Migrations\\{closure}()
#12 C:\\laragon\\www\\aber\\vendor\\laravel\\framework\\src\\Illuminate\\Database\\Migrations\\Migrator.php(250): Illuminate\\Database\\Migrations\\Migrator->runMigration(Object(Illuminate\\Database\\Migrations\\Migration@anonymous), 'up')
#13 C:\\laragon\\www\\aber\\vendor\\laravel\\framework\\src\\Illuminate\\Console\\View\\Components\\Task.php(41): Illuminate\\Database\\Migrations\\Migrator->Illuminate\\Database\\Migrations\\{closure}()
#14 C:\\laragon\\www\\aber\\vendor\\laravel\\framework\\src\\Illuminate\\Database\\Migrations\\Migrator.php(805): Illuminate\\Console\\View\\Components\\Task->render('2025_05_19_1649...', Object(Closure))
#15 C:\\laragon\\www\\aber\\vendor\\laravel\\framework\\src\\Illuminate\\Database\\Migrations\\Migrator.php(250): Illuminate\\Database\\Migrations\\Migrator->write('Illuminate\\\\Cons...', '2025_05_19_1649...', Object(Closure))
#16 C:\\laragon\\www\\aber\\vendor\\laravel\\framework\\src\\Illuminate\\Database\\Migrations\\Migrator.php(210): Illuminate\\Database\\Migrations\\Migrator->runUp('C:\\\\laragon\\\\www\\\\...', 1, false)
#17 C:\\laragon\\www\\aber\\vendor\\laravel\\framework\\src\\Illuminate\\Database\\Migrations\\Migrator.php(137): Illuminate\\Database\\Migrations\\Migrator->runPending(Array, Array)
#18 C:\\laragon\\www\\aber\\vendor\\laravel\\framework\\src\\Illuminate\\Database\\Console\\Migrations\\MigrateCommand.php(116): Illuminate\\Database\\Migrations\\Migrator->run(Array, Array)
#19 C:\\laragon\\www\\aber\\vendor\\laravel\\framework\\src\\Illuminate\\Database\\Migrations\\Migrator.php(665): Illuminate\\Database\\Console\\Migrations\\MigrateCommand->Illuminate\\Database\\Console\\Migrations\\{closure}()
#20 C:\\laragon\\www\\aber\\vendor\\laravel\\framework\\src\\Illuminate\\Database\\Console\\Migrations\\MigrateCommand.php(109): Illuminate\\Database\\Migrations\\Migrator->usingConnection(NULL, Object(Closure))
#21 C:\\laragon\\www\\aber\\vendor\\laravel\\framework\\src\\Illuminate\\Database\\Console\\Migrations\\MigrateCommand.php(88): Illuminate\\Database\\Console\\Migrations\\MigrateCommand->runMigrations()
#22 C:\\laragon\\www\\aber\\vendor\\laravel\\framework\\src\\Illuminate\\Container\\BoundMethod.php(36): Illuminate\\Database\\Console\\Migrations\\MigrateCommand->handle()
#23 C:\\laragon\\www\\aber\\vendor\\laravel\\framework\\src\\Illuminate\\Container\\Util.php(43): Illuminate\\Container\\BoundMethod::Illuminate\\Container\\{closure}()
#24 C:\\laragon\\www\\aber\\vendor\\laravel\\framework\\src\\Illuminate\\Container\\BoundMethod.php(96): Illuminate\\Container\\Util::unwrapIfClosure(Object(Closure))
#25 C:\\laragon\\www\\aber\\vendor\\laravel\\framework\\src\\Illuminate\\Container\\BoundMethod.php(35): Illuminate\\Container\\BoundMethod::callBoundMethod(Object(Illuminate\\Foundation\\Application), Array, Object(Closure))
#26 C:\\laragon\\www\\aber\\vendor\\laravel\\framework\\src\\Illuminate\\Container\\Container.php(754): Illuminate\\Container\\BoundMethod::call(Object(Illuminate\\Foundation\\Application), Array, Array, NULL)
#27 C:\\laragon\\www\\aber\\vendor\\laravel\\framework\\src\\Illuminate\\Console\\Command.php(211): Illuminate\\Container\\Container->call(Array)
#28 C:\\laragon\\www\\aber\\vendor\\symfony\\console\\Command\\Command.php(279): Illuminate\\Console\\Command->execute(Object(Symfony\\Component\\Console\\Input\\ArgvInput), Object(Illuminate\\Console\\OutputStyle))
#29 C:\\laragon\\www\\aber\\vendor\\laravel\\framework\\src\\Illuminate\\Console\\Command.php(180): Symfony\\Component\\Console\\Command\\Command->run(Object(Symfony\\Component\\Console\\Input\\ArgvInput), Object(Illuminate\\Console\\OutputStyle))
#30 C:\\laragon\\www\\aber\\vendor\\symfony\\console\\Application.php(1094): Illuminate\\Console\\Command->run(Object(Symfony\\Component\\Console\\Input\\ArgvInput), Object(Symfony\\Component\\Console\\Output\\ConsoleOutput))
#31 C:\\laragon\\www\\aber\\vendor\\symfony\\console\\Application.php(342): Symfony\\Component\\Console\\Application->doRunCommand(Object(Illuminate\\Database\\Console\\Migrations\\MigrateCommand), Object(Symfony\\Component\\Console\\Input\\ArgvInput), Object(Symfony\\Component\\Console\\Output\\ConsoleOutput))
#32 C:\\laragon\\www\\aber\\vendor\\symfony\\console\\Application.php(193): Symfony\\Component\\Console\\Application->doRun(Object(Symfony\\Component\\Console\\Input\\ArgvInput), Object(Symfony\\Component\\Console\\Output\\ConsoleOutput))
#33 C:\\laragon\\www\\aber\\vendor\\laravel\\framework\\src\\Illuminate\\Foundation\\Console\\Kernel.php(197): Symfony\\Component\\Console\\Application->run(Object(Symfony\\Component\\Console\\Input\\ArgvInput), Object(Symfony\\Component\\Console\\Output\\ConsoleOutput))
#34 C:\\laragon\\www\\aber\\vendor\\laravel\\framework\\src\\Illuminate\\Foundation\\Application.php(1234): Illuminate\\Foundation\\Console\\Kernel->handle(Object(Symfony\\Component\\Console\\Input\\ArgvInput), Object(Symfony\\Component\\Console\\Output\\ConsoleOutput))
#35 C:\\laragon\\www\\aber\\artisan(16): Illuminate\\Foundation\\Application->handleCommand(Object(Symfony\\Component\\Console\\Input\\ArgvInput))
#36 {main}
"} 
[2026-09-11 20:16:10] local.ERROR: Class "App\Models\User" not found {"exception":"[object] (Error(code: 0): Class \"App\\Models\\User\" not found at C:\\laragon\\www\\aber\\database\\seeders\\DatabaseSeeder.php:24)
[stacktrace]
#0 C:\\laragon\\www\\aber\\vendor\\laravel\\framework\\src\\Illuminate\\Container\\BoundMethod.php(36): Database\\Seeders\\DatabaseSeeder->run()
#1 C:\\laragon\\www\\aber\\vendor\\laravel\\framework\\src\\Illuminate\\Container\\Util.php(43): Illuminate\\Container\\BoundMethod::Illuminate\\Container\\{closure}()
#2 C:\\laragon\\www\\aber\\vendor\\laravel\\framework\\src\\Illuminate\\Container\\BoundMethod.php(96): Illuminate\\Container\\Util::unwrapIfClosure(Object(Closure))
#3 C:\\laragon\\www\\aber\\vendor\\laravel\\framework\\src\\Illuminate\\Container\\BoundMethod.php(35): Illuminate\\Container\\BoundMethod::callBoundMethod(Object(Illuminate\\Foundation\\Application), Array, Object(Closure))
#4 C:\\laragon\\www\\aber\\vendor\\laravel\\framework\\src\\Illuminate\\Container\\Container.php(754): Illuminate\\Container\\BoundMethod::call(Object(Illuminate\\Foundation\\Application), Array, Array, NULL)
#5 C:\\laragon\\www\\aber\\vendor\\laravel\\framework\\src\\Illuminate\\Database\\Seeder.php(188): Illuminate\\Container\\Container->call(Array, Array)
#6 C:\\laragon\\www\\aber\\vendor\\laravel\\framework\\src\\Illuminate\\Database\\Seeder.php(197): Illuminate\\Database\\Seeder->Illuminate\\Database\\{closure}()
#7 C:\\laragon\\www\\aber\\vendor\\laravel\\framework\\src\\Illuminate\\Database\\Console\\Seeds\\SeedCommand.php(71): Illuminate\\Database\\Seeder->__invoke()
#8 C:\\laragon\\www\\aber\\vendor\\laravel\\framework\\src\\Illuminate\\Database\\Eloquent\\Concerns\\GuardsAttributes.php(155): Illuminate\\Database\\Console\\Seeds\\SeedCommand->Illuminate\\Database\\Console\\Seeds\\{closure}()
#9 C:\\laragon\\www\\aber\\vendor\\laravel\\framework\\src\\Illuminate\\Database\\Console\\Seeds\\SeedCommand.php(70): Illuminate\\Database\\Eloquent\\Model::unguarded(Object(Closure))
#10 C:\\laragon\\www\\aber\\vendor\\laravel\\framework\\src\\Illuminate\\Container\\BoundMethod.php(36): Illuminate\\Database\\Console\\Seeds\\SeedCommand->handle()
#11 C:\\laragon\\www\\aber\\vendor\\laravel\\framework\\src\\Illuminate\\Container\\Util.php(43): Illuminate\\Container\\BoundMethod::Illuminate\\Container\\{closure}()
#12 C:\\laragon\\www\\aber\\vendor\\laravel\\framework\\src\\Illuminate\\Container\\BoundMethod.php(96): Illuminate\\Container\\Util::unwrapIfClosure(Object(Closure))
#13 C:\\laragon\\www\\aber\\vendor\\laravel\\framework\\src\\Illuminate\\Container\\BoundMethod.php(35): Illuminate\\Container\\BoundMethod::callBoundMethod(Object(Illuminate\\Foundation\\Application), Array, Object(Closure))
#14 C:\\laragon\\www\\aber\\vendor\\laravel\\framework\\src\\Illuminate\\Container\\Container.php(754): Illuminate\\Container\\BoundMethod::call(Object(Illuminate\\Foundation\\Application), Array, Array, NULL)
#15 C:\\laragon\\www\\aber\\vendor\\laravel\\framework\\src\\Illuminate\\Console\\Command.php(211): Illuminate\\Container\\Container->call(Array)
#16 C:\\laragon\\www\\aber\\vendor\\symfony\\console\\Command\\Command.php(279): Illuminate\\Console\\Command->execute(Object(Symfony\\Component\\Console\\Input\\ArrayInput), Object(Illuminate\\Console\\OutputStyle))
#17 C:\\laragon\\www\\aber\\vendor\\laravel\\framework\\src\\Illuminate\\Console\\Command.php(180): Symfony\\Component\\Console\\Command\\Command->run(Object(Symfony\\Component\\Console\\Input\\ArrayInput), Object(Illuminate\\Console\\OutputStyle))
#18 C:\\laragon\\www\\aber\\vendor\\laravel\\framework\\src\\Illuminate\\Console\\Concerns\\CallsCommands.php(68): Illuminate\\Console\\Command->run(Object(Symfony\\Component\\Console\\Input\\ArrayInput), Object(Illuminate\\Console\\OutputStyle))
#19 C:\\laragon\\www\\aber\\vendor\\laravel\\framework\\src\\Illuminate\\Console\\Concerns\\CallsCommands.php(29): Illuminate\\Console\\Command->runCommand('db:seed', Array, Object(Illuminate\\Console\\OutputStyle))
#20 C:\\laragon\\www\\aber\\vendor\\laravel\\framework\\src\\Illuminate\\Database\\Console\\Migrations\\FreshCommand.php(121): Illuminate\\Console\\Command->call('db:seed', Array)
#21 C:\\laragon\\www\\aber\\vendor\\laravel\\framework\\src\\Illuminate\\Database\\Console\\Migrations\\FreshCommand.php(97): Illuminate\\Database\\Console\\Migrations\\FreshCommand->runSeeder(NULL)
#22 C:\\laragon\\www\\aber\\vendor\\laravel\\framework\\src\\Illuminate\\Container\\BoundMethod.php(36): Illuminate\\Database\\Console\\Migrations\\FreshCommand->handle()
#23 C:\\laragon\\www\\aber\\vendor\\laravel\\framework\\src\\Illuminate\\Container\\Util.php(43): Illuminate\\Container\\BoundMethod::Illuminate\\Container\\{closure}()
#24 C:\\laragon\\www\\aber\\vendor\\laravel\\framework\\src\\Illuminate\\Container\\BoundMethod.php(96): Illuminate\\Container\\Util::unwrapIfClosure(Object(Closure))
#25 C:\\laragon\\www\\aber\\vendor\\laravel\\framework\\src\\Illuminate\\Container\\BoundMethod.php(35): Illuminate\\Container\\BoundMethod::callBoundMethod(Object(Illuminate\\Foundation\\Application), Array, Object(Closure))
#26 C:\\laragon\\www\\aber\\vendor\\laravel\\framework\\src\\Illuminate\\Container\\Container.php(754): Illuminate\\Container\\BoundMethod::call(Object(Illuminate\\Foundation\\Application), Array, Array, NULL)
#27 C:\\laragon\\www\\aber\\vendor\\laravel\\framework\\src\\Illuminate\\Console\\Command.php(211): Illuminate\\Container\\Container->call(Array)
#28 C:\\laragon\\www\\aber\\vendor\\symfony\\console\\Command\\Command.php(279): Illuminate\\Console\\Command->execute(Object(Symfony\\Component\\Console\\Input\\ArgvInput), Object(Illuminate\\Console\\OutputStyle))
#29 C:\\laragon\\www\\aber\\vendor\\laravel\\framework\\src\\Illuminate\\Console\\Command.php(180): Symfony\\Component\\Console\\Command\\Command->run(Object(Symfony\\Component\\Console\\Input\\ArgvInput), Object(Illuminate\\Console\\OutputStyle))
#30 C:\\laragon\\www\\aber\\vendor\\symfony\\console\\Application.php(1094): Illuminate\\Console\\Command->run(Object(Symfony\\Component\\Console\\Input\\ArgvInput), Object(Symfony\\Component\\Console\\Output\\ConsoleOutput))
#31 C:\\laragon\\www\\aber\\vendor\\symfony\\console\\Application.php(342): Symfony\\Component\\Console\\Application->doRunCommand(Object(Illuminate\\Database\\Console\\Migrations\\FreshCommand), Object(Symfony\\Component\\Console\\Input\\ArgvInput), Object(Symfony\\Component\\Console\\Output\\ConsoleOutput))
#32 C:\\laragon\\www\\aber\\vendor\\symfony\\console\\Application.php(193): Symfony\\Component\\Console\\Application->doRun(Object(Symfony\\Component\\Console\\Input\\ArgvInput), Object(Symfony\\Component\\Console\\Output\\ConsoleOutput))
#33 C:\\laragon\\www\\aber\\vendor\\laravel\\framework\\src\\Illuminate\\Foundation\\Console\\Kernel.php(197): Symfony\\Component\\Console\\Application->run(Object(Symfony\\Component\\Console\\Input\\ArgvInput), Object(Symfony\\Component\\Console\\Output\\ConsoleOutput))
#34 C:\\laragon\\www\\aber\\vendor\\laravel\\framework\\src\\Illuminate\\Foundation\\Application.php(1234): Illuminate\\Foundation\\Console\\Kernel->handle(Object(Symfony\\Component\\Console\\Input\\ArgvInput), Object(Symfony\\Component\\Console\\Output\\ConsoleOutput))
#35 C:\\laragon\\www\\aber\\artisan(16): Illuminate\\Foundation\\Application->handleCommand(Object(Symfony\\Component\\Console\\Input\\ArgvInput))
#36 {main}
"} 
[2026-09-11 20:18:22] local.ERROR: View path not found. {"exception":"[object] (RuntimeException(code: 0): View path not found. at C:\\laragon\\www\\aber\\vendor\\laravel\\framework\\src\\Illuminate\\Foundation\\Console\\ViewClearCommand.php:58)
[stacktrace]
#0 C:\\laragon\\www\\aber\\vendor\\laravel\\framework\\src\\Illuminate\\Container\\BoundMethod.php(36): Illuminate\\Foundation\\Console\\ViewClearCommand->handle()
#1 C:\\laragon\\www\\aber\\vendor\\laravel\\framework\\src\\Illuminate\\Container\\Util.php(43): Illuminate\\Container\\BoundMethod::Illuminate\\Container\\{closure}()
#2 C:\\laragon\\www\\aber\\vendor\\laravel\\framework\\src\\Illuminate\\Container\\BoundMethod.php(96): Illuminate\\Container\\Util::unwrapIfClosure(Object(Closure))
#3 C:\\laragon\\www\\aber\\vendor\\laravel\\framework\\src\\Illuminate\\Container\\BoundMethod.php(35): Illuminate\\Container\\BoundMethod::callBoundMethod(Object(Illuminate\\Foundation\\Application), Array, Object(Closure))
#4 C:\\laragon\\www\\aber\\vendor\\laravel\\framework\\src\\Illuminate\\Container\\Container.php(754): Illuminate\\Container\\BoundMethod::call(Object(Illuminate\\Foundation\\Application), Array, Array, NULL)
#5 C:\\laragon\\www\\aber\\vendor\\laravel\\framework\\src\\Illuminate\\Console\\Command.php(211): Illuminate\\Container\\Container->call(Array)
#6 C:\\laragon\\www\\aber\\vendor\\symfony\\console\\Command\\Command.php(279): Illuminate\\Console\\Command->execute(Object(Symfony\\Component\\Console\\Input\\ArrayInput), Object(Illuminate\\Console\\OutputStyle))
#7 C:\\laragon\\www\\aber\\vendor\\laravel\\framework\\src\\Illuminate\\Console\\Command.php(180): Symfony\\Component\\Console\\Command\\Command->run(Object(Symfony\\Component\\Console\\Input\\ArrayInput), Object(Illuminate\\Console\\OutputStyle))
#8 C:\\laragon\\www\\aber\\vendor\\laravel\\framework\\src\\Illuminate\\Console\\Concerns\\CallsCommands.php(68): Illuminate\\Console\\Command->run(Object(Symfony\\Component\\Console\\Input\\ArrayInput), Object(Symfony\\Component\\Console\\Output\\NullOutput))
#9 C:\\laragon\\www\\aber\\vendor\\laravel\\framework\\src\\Illuminate\\Console\\Concerns\\CallsCommands.php(41): Illuminate\\Console\\Command->runCommand('view:clear', Array, Object(Symfony\\Component\\Console\\Output\\NullOutput))
#10 C:\\laragon\\www\\aber\\vendor\\laravel\\framework\\src\\Illuminate\\Console\\Concerns\\CallsCommands.php(53): Illuminate\\Console\\Command->callSilent('view:clear', Array)
#11 C:\\laragon\\www\\aber\\vendor\\laravel\\framework\\src\\Illuminate\\Foundation\\Console\\OptimizeClearCommand.php(48): Illuminate\\Console\\Command->callSilently('view:clear')
#12 C:\\laragon\\www\\aber\\vendor\\laravel\\framework\\src\\Illuminate\\Console\\View\\Components\\Task.php(41): Illuminate\\Foundation\\Console\\OptimizeClearCommand->Illuminate\\Foundation\\Console\\{closure}()
#13 C:\\laragon\\www\\aber\\vendor\\laravel\\framework\\src\\Illuminate\\Console\\View\\Components\\Factory.php(59): Illuminate\\Console\\View\\Components\\Task->render('views', Object(Closure))
#14 C:\\laragon\\www\\aber\\vendor\\laravel\\framework\\src\\Illuminate\\Foundation\\Console\\OptimizeClearCommand.php(48): Illuminate\\Console\\View\\Components\\Factory->__call('task', Array)
#15 C:\\laragon\\www\\aber\\vendor\\laravel\\framework\\src\\Illuminate\\Container\\BoundMethod.php(36): Illuminate\\Foundation\\Console\\OptimizeClearCommand->handle()
#16 C:\\laragon\\www\\aber\\vendor\\laravel\\framework\\src\\Illuminate\\Container\\Util.php(43): Illuminate\\Container\\BoundMethod::Illuminate\\Container\\{closure}()
#17 C:\\laragon\\www\\aber\\vendor\\laravel\\framework\\src\\Illuminate\\Container\\BoundMethod.php(96): Illuminate\\Container\\Util::unwrapIfClosure(Object(Closure))
#18 C:\\laragon\\www\\aber\\vendor\\laravel\\framework\\src\\Illuminate\\Container\\BoundMethod.php(35): Illuminate\\Container\\BoundMethod::callBoundMethod(Object(Illuminate\\Foundation\\Application), Array, Object(Closure))
#19 C:\\laragon\\www\\aber\\vendor\\laravel\\framework\\src\\Illuminate\\Container\\Container.php(754): Illuminate\\Container\\BoundMethod::call(Object(Illuminate\\Foundation\\Application), Array, Array, NULL)
#20 C:\\laragon\\www\\aber\\vendor\\laravel\\framework\\src\\Illuminate\\Console\\Command.php(211): Illuminate\\Container\\Container->call(Array)
#21 C:\\laragon\\www\\aber\\vendor\\symfony\\console\\Command\\Command.php(279): Illuminate\\Console\\Command->execute(Object(Symfony\\Component\\Console\\Input\\ArgvInput), Object(Illuminate\\Console\\OutputStyle))
#22 C:\\laragon\\www\\aber\\vendor\\laravel\\framework\\src\\Illuminate\\Console\\Command.php(180): Symfony\\Component\\Console\\Command\\Command->run(Object(Symfony\\Component\\Console\\Input\\ArgvInput), Object(Illuminate\\Console\\OutputStyle))
#23 C:\\laragon\\www\\aber\\vendor\\symfony\\console\\Application.php(1094): Illuminate\\Console\\Command->run(Object(Symfony\\Component\\Console\\Input\\ArgvInput), Object(Symfony\\Component\\Console\\Output\\ConsoleOutput))
#24 C:\\laragon\\www\\aber\\vendor\\symfony\\console\\Application.php(342): Symfony\\Component\\Console\\Application->doRunCommand(Object(Illuminate\\Foundation\\Console\\OptimizeClearCommand), Object(Symfony\\Component\\Console\\Input\\ArgvInput), Object(Symfony\\Component\\Console\\Output\\ConsoleOutput))
#25 C:\\laragon\\www\\aber\\vendor\\symfony\\console\\Application.php(193): Symfony\\Component\\Console\\Application->doRun(Object(Symfony\\Component\\Console\\Input\\ArgvInput), Object(Symfony\\Component\\Console\\Output\\ConsoleOutput))
#26 C:\\laragon\\www\\aber\\vendor\\laravel\\framework\\src\\Illuminate\\Foundation\\Console\\Kernel.php(197): Symfony\\Component\\Console\\Application->run(Object(Symfony\\Component\\Console\\Input\\ArgvInput), Object(Symfony\\Component\\Console\\Output\\ConsoleOutput))
#27 C:\\laragon\\www\\aber\\vendor\\laravel\\framework\\src\\Illuminate\\Foundation\\Application.php(1234): Illuminate\\Foundation\\Console\\Kernel->handle(Object(Symfony\\Component\\Console\\Input\\ArgvInput), Object(Symfony\\Component\\Console\\Output\\ConsoleOutput))
#28 C:\\laragon\\www\\aber\\artisan(16): Illuminate\\Foundation\\Application->handleCommand(Object(Symfony\\Component\\Console\\Input\\ArgvInput))
#29 {main}
"} 
[2026-09-11 20:18:24] local.ERROR: Cannot assign null to property App\Services\PaymobService::$apiKey of type string {"exception":"[object] (TypeError(code: 0): Cannot assign null to property App\\Services\\PaymobService::$apiKey of type string at C:\\laragon\\www\\aber\\app\\Services\\PaymobService.php:20)
[stacktrace]
#0 [internal function]: App\\Services\\PaymobService->__construct()
#1 C:\\laragon\\www\\aber\\vendor\\laravel\\framework\\src\\Illuminate\\Container\\Container.php(1062): ReflectionClass->newInstanceArgs(Array)
#2 C:\\laragon\\www\\aber\\vendor\\laravel\\framework\\src\\Illuminate\\Container\\Container.php(890): Illuminate\\Container\\Container->build('App\\\\Services\\\\Pa...')
#3 C:\\laragon\\www\\aber\\vendor\\laravel\\framework\\src\\Illuminate\\Foundation\\Application.php(1077): Illuminate\\Container\\Container->resolve('App\\\\Services\\\\Pa...', Array, true)
#4 C:\\laragon\\www\\aber\\vendor\\laravel\\framework\\src\\Illuminate\\Container\\Container.php(821): Illuminate\\Foundation\\Application->resolve('App\\\\Services\\\\Pa...', Array)
#5 C:\\laragon\\www\\aber\\vendor\\laravel\\framework\\src\\Illuminate\\Foundation\\Application.php(1057): Illuminate\\Container\\Container->make('App\\\\Services\\\\Pa...', Array)
#6 C:\\laragon\\www\\aber\\vendor\\laravel\\framework\\src\\Illuminate\\Container\\Container.php(1202): Illuminate\\Foundation\\Application->make('App\\\\Services\\\\Pa...')
#7 C:\\laragon\\www\\aber\\vendor\\laravel\\framework\\src\\Illuminate\\Container\\Container.php(1101): Illuminate\\Container\\Container->resolveClass(Object(ReflectionParameter))
#8 C:\\laragon\\www\\aber\\vendor\\laravel\\framework\\src\\Illuminate\\Container\\Container.php(1052): Illuminate\\Container\\Container->resolveDependencies(Array)
#9 C:\\laragon\\www\\aber\\vendor\\laravel\\framework\\src\\Illuminate\\Container\\Container.php(890): Illuminate\\Container\\Container->build('App\\\\Http\\\\Contro...')
#10 C:\\laragon\\www\\aber\\vendor\\laravel\\framework\\src\\Illuminate\\Foundation\\Application.php(1077): Illuminate\\Container\\Container->resolve('App\\\\Http\\\\Contro...', Array, true)
#11 C:\\laragon\\www\\aber\\vendor\\laravel\\framework\\src\\Illuminate\\Container\\Container.php(821): Illuminate\\Foundation\\Application->resolve('App\\\\Http\\\\Contro...', Array)
#12 C:\\laragon\\www\\aber\\vendor\\laravel\\framework\\src\\Illuminate\\Foundation\\Application.php(1057): Illuminate\\Container\\Container->make('App\\\\Http\\\\Contro...', Array)
#13 C:\\laragon\\www\\aber\\vendor\\laravel\\framework\\src\\Illuminate\\Routing\\Route.php(284): Illuminate\\Foundation\\Application->make('App\\\\Http\\\\Contro...')
#14 C:\\laragon\\www\\aber\\vendor\\laravel\\framework\\src\\Illuminate\\Routing\\Route.php(1125): Illuminate\\Routing\\Route->getController()
#15 C:\\laragon\\www\\aber\\vendor\\laravel\\framework\\src\\Illuminate\\Routing\\Route.php(1054): Illuminate\\Routing\\Route->controllerMiddleware()
#16 C:\\laragon\\www\\aber\\vendor\\laravel\\framework\\src\\Illuminate\\Routing\\Router.php(820): Illuminate\\Routing\\Route->gatherMiddleware()
#17 C:\\laragon\\www\\aber\\vendor\\laravel\\framework\\src\\Illuminate\\Foundation\\Console\\RouteListCommand.php(211): Illuminate\\Routing\\Router->gatherRouteMiddleware(Object(Illuminate\\Routing\\Route))
#18 C:\\laragon\\www\\aber\\vendor\\laravel\\framework\\src\\Illuminate\\Foundation\\Console\\RouteListCommand.php(148): Illuminate\\Foundation\\Console\\RouteListCommand->getMiddleware(Object(Illuminate\\Routing\\Route))
#19 C:\\laragon\\www\\aber\\vendor\\laravel\\framework\\src\\Illuminate\\Foundation\\Console\\RouteListCommand.php(117): Illuminate\\Foundation\\Console\\RouteListCommand->getRouteInformation(Object(Illuminate\\Routing\\Route))
#20 [internal function]: Illuminate\\Foundation\\Console\\RouteListCommand->Illuminate\\Foundation\\Console\\{closure}(Object(Illuminate\\Routing\\Route), 27)
#21 C:\\laragon\\www\\aber\\vendor\\laravel\\framework\\src\\Illuminate\\Collections\\Arr.php(609): array_map(Object(Closure), Array, Array)
#22 C:\\laragon\\www\\aber\\vendor\\laravel\\framework\\src\\Illuminate\\Collections\\Collection.php(799): Illuminate\\Support\\Arr::map(Array, Object(Closure))
#23 C:\\laragon\\www\\aber\\vendor\\laravel\\framework\\src\\Illuminate\\Foundation\\Console\\RouteListCommand.php(117): Illuminate\\Support\\Collection->map(Object(Closure))
#24 C:\\laragon\\www\\aber\\vendor\\laravel\\framework\\src\\Illuminate\\Foundation\\Console\\RouteListCommand.php(102): Illuminate\\Foundation\\Console\\RouteListCommand->getRoutes()
#25 C:\\laragon\\www\\aber\\vendor\\laravel\\framework\\src\\Illuminate\\Container\\BoundMethod.php(36): Illuminate\\Foundation\\Console\\RouteListCommand->handle()
#26 C:\\laragon\\www\\aber\\vendor\\laravel\\framework\\src\\Illuminate\\Container\\Util.php(43): Illuminate\\Container\\BoundMethod::Illuminate\\Container\\{closure}()
#27 C:\\laragon\\www\\aber\\vendor\\laravel\\framework\\src\\Illuminate\\Container\\BoundMethod.php(96): Illuminate\\Container\\Util::unwrapIfClosure(Object(Closure))
#28 C:\\laragon\\www\\aber\\vendor\\laravel\\framework\\src\\Illuminate\\Container\\BoundMethod.php(35): Illuminate\\Container\\BoundMethod::callBoundMethod(Object(Illuminate\\Foundation\\Application), Array, Object(Closure))
#29 C:\\laragon\\www\\aber\\vendor\\laravel\\framework\\src\\Illuminate\\Container\\Container.php(754): Illuminate\\Container\\BoundMethod::call(Object(Illuminate\\Foundation\\Application), Array, Array, NULL)
#30 C:\\laragon\\www\\aber\\vendor\\laravel\\framework\\src\\Illuminate\\Console\\Command.php(211): Illuminate\\Container\\Container->call(Array)
#31 C:\\laragon\\www\\aber\\vendor\\symfony\\console\\Command\\Command.php(279): Illuminate\\Console\\Command->execute(Object(Symfony\\Component\\Console\\Input\\ArgvInput), Object(Illuminate\\Console\\OutputStyle))
#32 C:\\laragon\\www\\aber\\vendor\\laravel\\framework\\src\\Illuminate\\Console\\Command.php(180): Symfony\\Component\\Console\\Command\\Command->run(Object(Symfony\\Component\\Console\\Input\\ArgvInput), Object(Illuminate\\Console\\OutputStyle))
#33 C:\\laragon\\www\\aber\\vendor\\symfony\\console\\Application.php(1094): Illuminate\\Console\\Command->run(Object(Symfony\\Component\\Console\\Input\\ArgvInput), Object(Symfony\\Component\\Console\\Output\\ConsoleOutput))
#34 C:\\laragon\\www\\aber\\vendor\\symfony\\console\\Application.php(342): Symfony\\Component\\Console\\Application->doRunCommand(Object(Illuminate\\Foundation\\Console\\RouteListCommand), Object(Symfony\\Component\\Console\\Input\\ArgvInput), Object(Symfony\\Component\\Console\\Output\\ConsoleOutput))
#35 C:\\laragon\\www\\aber\\vendor\\symfony\\console\\Application.php(193): Symfony\\Component\\Console\\Application->doRun(Object(Symfony\\Component\\Console\\Input\\ArgvInput), Object(Symfony\\Component\\Console\\Output\\ConsoleOutput))
#36 C:\\laragon\\www\\aber\\vendor\\laravel\\framework\\src\\Illuminate\\Foundation\\Console\\Kernel.php(197): Symfony\\Component\\Console\\Application->run(Object(Symfony\\Component\\Console\\Input\\ArgvInput), Object(Symfony\\Component\\Console\\Output\\ConsoleOutput))
#37 C:\\laragon\\www\\aber\\vendor\\laravel\\framework\\src\\Illuminate\\Foundation\\Application.php(1234): Illuminate\\Foundation\\Console\\Kernel->handle(Object(Symfony\\Component\\Console\\Input\\ArgvInput), Object(Symfony\\Component\\Console\\Output\\ConsoleOutput))
#38 C:\\laragon\\www\\aber\\artisan(16): Illuminate\\Foundation\\Application->handleCommand(Object(Symfony\\Component\\Console\\Input\\ArgvInput))
#39 {main}
"} 
[2026-09-11 20:19:07] local.ERROR: View path not found. {"exception":"[object] (RuntimeException(code: 0): View path not found. at C:\\laragon\\www\\aber\\vendor\\laravel\\framework\\src\\Illuminate\\Foundation\\Console\\ViewClearCommand.php:58)
[stacktrace]
#0 C:\\laragon\\www\\aber\\vendor\\laravel\\framework\\src\\Illuminate\\Container\\BoundMethod.php(36): Illuminate\\Foundation\\Console\\ViewClearCommand->handle()
#1 C:\\laragon\\www\\aber\\vendor\\laravel\\framework\\src\\Illuminate\\Container\\Util.php(43): Illuminate\\Container\\BoundMethod::Illuminate\\Container\\{closure}()
#2 C:\\laragon\\www\\aber\\vendor\\laravel\\framework\\src\\Illuminate\\Container\\BoundMethod.php(96): Illuminate\\Container\\Util::unwrapIfClosure(Object(Closure))
#3 C:\\laragon\\www\\aber\\vendor\\laravel\\framework\\src\\Illuminate\\Container\\BoundMethod.php(35): Illuminate\\Container\\BoundMethod::callBoundMethod(Object(Illuminate\\Foundation\\Application), Array, Object(Closure))
#4 C:\\laragon\\www\\aber\\vendor\\laravel\\framework\\src\\Illuminate\\Container\\Container.php(754): Illuminate\\Container\\BoundMethod::call(Object(Illuminate\\Foundation\\Application), Array, Array, NULL)
#5 C:\\laragon\\www\\aber\\vendor\\laravel\\framework\\src\\Illuminate\\Console\\Command.php(211): Illuminate\\Container\\Container->call(Array)
#6 C:\\laragon\\www\\aber\\vendor\\symfony\\console\\Command\\Command.php(279): Illuminate\\Console\\Command->execute(Object(Symfony\\Component\\Console\\Input\\ArrayInput), Object(Illuminate\\Console\\OutputStyle))
#7 C:\\laragon\\www\\aber\\vendor\\laravel\\framework\\src\\Illuminate\\Console\\Command.php(180): Symfony\\Component\\Console\\Command\\Command->run(Object(Symfony\\Component\\Console\\Input\\ArrayInput), Object(Illuminate\\Console\\OutputStyle))
#8 C:\\laragon\\www\\aber\\vendor\\laravel\\framework\\src\\Illuminate\\Console\\Concerns\\CallsCommands.php(68): Illuminate\\Console\\Command->run(Object(Symfony\\Component\\Console\\Input\\ArrayInput), Object(Symfony\\Component\\Console\\Output\\NullOutput))
#9 C:\\laragon\\www\\aber\\vendor\\laravel\\framework\\src\\Illuminate\\Console\\Concerns\\CallsCommands.php(41): Illuminate\\Console\\Command->runCommand('view:clear', Array, Object(Symfony\\Component\\Console\\Output\\NullOutput))
#10 C:\\laragon\\www\\aber\\vendor\\laravel\\framework\\src\\Illuminate\\Console\\Concerns\\CallsCommands.php(53): Illuminate\\Console\\Command->callSilent('view:clear', Array)
#11 C:\\laragon\\www\\aber\\vendor\\laravel\\framework\\src\\Illuminate\\Foundation\\Console\\OptimizeClearCommand.php(48): Illuminate\\Console\\Command->callSilently('view:clear')
#12 C:\\laragon\\www\\aber\\vendor\\laravel\\framework\\src\\Illuminate\\Console\\View\\Components\\Task.php(41): Illuminate\\Foundation\\Console\\OptimizeClearCommand->Illuminate\\Foundation\\Console\\{closure}()
#13 C:\\laragon\\www\\aber\\vendor\\laravel\\framework\\src\\Illuminate\\Console\\View\\Components\\Factory.php(59): Illuminate\\Console\\View\\Components\\Task->render('views', Object(Closure))
#14 C:\\laragon\\www\\aber\\vendor\\laravel\\framework\\src\\Illuminate\\Foundation\\Console\\OptimizeClearCommand.php(48): Illuminate\\Console\\View\\Components\\Factory->__call('task', Array)
#15 C:\\laragon\\www\\aber\\vendor\\laravel\\framework\\src\\Illuminate\\Container\\BoundMethod.php(36): Illuminate\\Foundation\\Console\\OptimizeClearCommand->handle()
#16 C:\\laragon\\www\\aber\\vendor\\laravel\\framework\\src\\Illuminate\\Container\\Util.php(43): Illuminate\\Container\\BoundMethod::Illuminate\\Container\\{closure}()
#17 C:\\laragon\\www\\aber\\vendor\\laravel\\framework\\src\\Illuminate\\Container\\BoundMethod.php(96): Illuminate\\Container\\Util::unwrapIfClosure(Object(Closure))
#18 C:\\laragon\\www\\aber\\vendor\\laravel\\framework\\src\\Illuminate\\Container\\BoundMethod.php(35): Illuminate\\Container\\BoundMethod::callBoundMethod(Object(Illuminate\\Foundation\\Application), Array, Object(Closure))
#19 C:\\laragon\\www\\aber\\vendor\\laravel\\framework\\src\\Illuminate\\Container\\Container.php(754): Illuminate\\Container\\BoundMethod::call(Object(Illuminate\\Foundation\\Application), Array, Array, NULL)
#20 C:\\laragon\\www\\aber\\vendor\\laravel\\framework\\src\\Illuminate\\Console\\Command.php(211): Illuminate\\Container\\Container->call(Array)
#21 C:\\laragon\\www\\aber\\vendor\\symfony\\console\\Command\\Command.php(279): Illuminate\\Console\\Command->execute(Object(Symfony\\Component\\Console\\Input\\ArgvInput), Object(Illuminate\\Console\\OutputStyle))
#22 C:\\laragon\\www\\aber\\vendor\\laravel\\framework\\src\\Illuminate\\Console\\Command.php(180): Symfony\\Component\\Console\\Command\\Command->run(Object(Symfony\\Component\\Console\\Input\\ArgvInput), Object(Illuminate\\Console\\OutputStyle))
#23 C:\\laragon\\www\\aber\\vendor\\symfony\\console\\Application.php(1094): Illuminate\\Console\\Command->run(Object(Symfony\\Component\\Console\\Input\\ArgvInput), Object(Symfony\\Component\\Console\\Output\\ConsoleOutput))
#24 C:\\laragon\\www\\aber\\vendor\\symfony\\console\\Application.php(342): Symfony\\Component\\Console\\Application->doRunCommand(Object(Illuminate\\Foundation\\Console\\OptimizeClearCommand), Object(Symfony\\Component\\Console\\Input\\ArgvInput), Object(Symfony\\Component\\Console\\Output\\ConsoleOutput))
#25 C:\\laragon\\www\\aber\\vendor\\symfony\\console\\Application.php(193): Symfony\\Component\\Console\\Application->doRun(Object(Symfony\\Component\\Console\\Input\\ArgvInput), Object(Symfony\\Component\\Console\\Output\\ConsoleOutput))
#26 C:\\laragon\\www\\aber\\vendor\\laravel\\framework\\src\\Illuminate\\Foundation\\Console\\Kernel.php(197): Symfony\\Component\\Console\\Application->run(Object(Symfony\\Component\\Console\\Input\\ArgvInput), Object(Symfony\\Component\\Console\\Output\\ConsoleOutput))
#27 C:\\laragon\\www\\aber\\vendor\\laravel\\framework\\src\\Illuminate\\Foundation\\Application.php(1234): Illuminate\\Foundation\\Console\\Kernel->handle(Object(Symfony\\Component\\Console\\Input\\ArgvInput), Object(Symfony\\Component\\Console\\Output\\ConsoleOutput))
#28 C:\\laragon\\www\\aber\\artisan(16): Illuminate\\Foundation\\Application->handleCommand(Object(Symfony\\Component\\Console\\Input\\ArgvInput))
#29 {main}
"} 
[2026-09-11 20:19:15] local.ERROR: View path not found. {"exception":"[object] (RuntimeException(code: 0): View path not found. at C:\\laragon\\www\\aber\\vendor\\laravel\\framework\\src\\Illuminate\\Foundation\\Console\\ViewClearCommand.php:58)
[stacktrace]
#0 C:\\laragon\\www\\aber\\vendor\\laravel\\framework\\src\\Illuminate\\Container\\BoundMethod.php(36): Illuminate\\Foundation\\Console\\ViewClearCommand->handle()
#1 C:\\laragon\\www\\aber\\vendor\\laravel\\framework\\src\\Illuminate\\Container\\Util.php(43): Illuminate\\Container\\BoundMethod::Illuminate\\Container\\{closure}()
#2 C:\\laragon\\www\\aber\\vendor\\laravel\\framework\\src\\Illuminate\\Container\\BoundMethod.php(96): Illuminate\\Container\\Util::unwrapIfClosure(Object(Closure))
#3 C:\\laragon\\www\\aber\\vendor\\laravel\\framework\\src\\Illuminate\\Container\\BoundMethod.php(35): Illuminate\\Container\\BoundMethod::callBoundMethod(Object(Illuminate\\Foundation\\Application), Array, Object(Closure))
#4 C:\\laragon\\www\\aber\\vendor\\laravel\\framework\\src\\Illuminate\\Container\\Container.php(754): Illuminate\\Container\\BoundMethod::call(Object(Illuminate\\Foundation\\Application), Array, Array, NULL)
#5 C:\\laragon\\www\\aber\\vendor\\laravel\\framework\\src\\Illuminate\\Console\\Command.php(211): Illuminate\\Container\\Container->call(Array)
#6 C:\\laragon\\www\\aber\\vendor\\symfony\\console\\Command\\Command.php(279): Illuminate\\Console\\Command->execute(Object(Symfony\\Component\\Console\\Input\\ArrayInput), Object(Illuminate\\Console\\OutputStyle))
#7 C:\\laragon\\www\\aber\\vendor\\laravel\\framework\\src\\Illuminate\\Console\\Command.php(180): Symfony\\Component\\Console\\Command\\Command->run(Object(Symfony\\Component\\Console\\Input\\ArrayInput), Object(Illuminate\\Console\\OutputStyle))
#8 C:\\laragon\\www\\aber\\vendor\\laravel\\framework\\src\\Illuminate\\Console\\Concerns\\CallsCommands.php(68): Illuminate\\Console\\Command->run(Object(Symfony\\Component\\Console\\Input\\ArrayInput), Object(Symfony\\Component\\Console\\Output\\NullOutput))
#9 C:\\laragon\\www\\aber\\vendor\\laravel\\framework\\src\\Illuminate\\Console\\Concerns\\CallsCommands.php(41): Illuminate\\Console\\Command->runCommand('view:clear', Array, Object(Symfony\\Component\\Console\\Output\\NullOutput))
#10 C:\\laragon\\www\\aber\\vendor\\laravel\\framework\\src\\Illuminate\\Console\\Concerns\\CallsCommands.php(53): Illuminate\\Console\\Command->callSilent('view:clear', Array)
#11 C:\\laragon\\www\\aber\\vendor\\laravel\\framework\\src\\Illuminate\\Foundation\\Console\\OptimizeClearCommand.php(48): Illuminate\\Console\\Command->callSilently('view:clear')
#12 C:\\laragon\\www\\aber\\vendor\\laravel\\framework\\src\\Illuminate\\Console\\View\\Components\\Task.php(41): Illuminate\\Foundation\\Console\\OptimizeClearCommand->Illuminate\\Foundation\\Console\\{closure}()
#13 C:\\laragon\\www\\aber\\vendor\\laravel\\framework\\src\\Illuminate\\Console\\View\\Components\\Factory.php(59): Illuminate\\Console\\View\\Components\\Task->render('views', Object(Closure))
#14 C:\\laragon\\www\\aber\\vendor\\laravel\\framework\\src\\Illuminate\\Foundation\\Console\\OptimizeClearCommand.php(48): Illuminate\\Console\\View\\Components\\Factory->__call('task', Array)
#15 C:\\laragon\\www\\aber\\vendor\\laravel\\framework\\src\\Illuminate\\Container\\BoundMethod.php(36): Illuminate\\Foundation\\Console\\OptimizeClearCommand->handle()
#16 C:\\laragon\\www\\aber\\vendor\\laravel\\framework\\src\\Illuminate\\Container\\Util.php(43): Illuminate\\Container\\BoundMethod::Illuminate\\Container\\{closure}()
#17 C:\\laragon\\www\\aber\\vendor\\laravel\\framework\\src\\Illuminate\\Container\\BoundMethod.php(96): Illuminate\\Container\\Util::unwrapIfClosure(Object(Closure))
#18 C:\\laragon\\www\\aber\\vendor\\laravel\\framework\\src\\Illuminate\\Container\\BoundMethod.php(35): Illuminate\\Container\\BoundMethod::callBoundMethod(Object(Illuminate\\Foundation\\Application), Array, Object(Closure))
#19 C:\\laragon\\www\\aber\\vendor\\laravel\\framework\\src\\Illuminate\\Container\\Container.php(754): Illuminate\\Container\\BoundMethod::call(Object(Illuminate\\Foundation\\Application), Array, Array, NULL)
#20 C:\\laragon\\www\\aber\\vendor\\laravel\\framework\\src\\Illuminate\\Console\\Command.php(211): Illuminate\\Container\\Container->call(Array)
#21 C:\\laragon\\www\\aber\\vendor\\symfony\\console\\Command\\Command.php(279): Illuminate\\Console\\Command->execute(Object(Symfony\\Component\\Console\\Input\\ArgvInput), Object(Illuminate\\Console\\OutputStyle))
#22 C:\\laragon\\www\\aber\\vendor\\laravel\\framework\\src\\Illuminate\\Console\\Command.php(180): Symfony\\Component\\Console\\Command\\Command->run(Object(Symfony\\Component\\Console\\Input\\ArgvInput), Object(Illuminate\\Console\\OutputStyle))
#23 C:\\laragon\\www\\aber\\vendor\\symfony\\console\\Application.php(1094): Illuminate\\Console\\Command->run(Object(Symfony\\Component\\Console\\Input\\ArgvInput), Object(Symfony\\Component\\Console\\Output\\ConsoleOutput))
#24 C:\\laragon\\www\\aber\\vendor\\symfony\\console\\Application.php(342): Symfony\\Component\\Console\\Application->doRunCommand(Object(Illuminate\\Foundation\\Console\\OptimizeClearCommand), Object(Symfony\\Component\\Console\\Input\\ArgvInput), Object(Symfony\\Component\\Console\\Output\\ConsoleOutput))
#25 C:\\laragon\\www\\aber\\vendor\\symfony\\console\\Application.php(193): Symfony\\Component\\Console\\Application->doRun(Object(Symfony\\Component\\Console\\Input\\ArgvInput), Object(Symfony\\Component\\Console\\Output\\ConsoleOutput))
#26 C:\\laragon\\www\\aber\\vendor\\laravel\\framework\\src\\Illuminate\\Foundation\\Console\\Kernel.php(197): Symfony\\Component\\Console\\Application->run(Object(Symfony\\Component\\Console\\Input\\ArgvInput), Object(Symfony\\Component\\Console\\Output\\ConsoleOutput))
#27 C:\\laragon\\www\\aber\\vendor\\laravel\\framework\\src\\Illuminate\\Foundation\\Application.php(1234): Illuminate\\Foundation\\Console\\Kernel->handle(Object(Symfony\\Component\\Console\\Input\\ArgvInput), Object(Symfony\\Component\\Console\\Output\\ConsoleOutput))
#28 C:\\laragon\\www\\aber\\artisan(16): Illuminate\\Foundation\\Application->handleCommand(Object(Symfony\\Component\\Console\\Input\\ArgvInput))
#29 {main}
"} 
[2026-09-11 20:47:20] testing.INFO: Al Rajhi payment initiation request {"service":"alrajhi","timestamp":"2026-09-11T20:47:20+00:00","correlation_id":"order_42","internal_order_id":42,"track_id":"42_1789159640","amount":"150.50","currency":"682"} 
[2026-09-11 20:47:20] testing.INFO: Al Rajhi hosted page URL generated {"service":"alrajhi","timestamp":"2026-09-11T20:47:20+00:00","correlation_id":"order_42","internal_order_id":42,"payment_id":"100200300"} 
[2026-09-11 20:47:21] testing.INFO: Al Rajhi payment initiation request {"service":"alrajhi","timestamp":"2026-09-11T20:47:21+00:00","correlation_id":"order_7","internal_order_id":7,"track_id":"7_1789159641","amount":"10.00","currency":"682"} 
[2026-09-11 20:47:21] testing.ERROR: Al Rajhi payment initiation failed {"service":"alrajhi","timestamp":"2026-09-11T20:47:21+00:00","correlation_id":"order_7","internal_order_id":7,"status_code":200,"error_text":"Invalid Transportal ID"} 
[2026-09-11 20:47:21] testing.INFO: Al Rajhi callback received {"service":"alrajhi","timestamp":"2026-09-11T20:47:21+00:00","correlation_id":"order_55","internal_order_id":55,"result":"CAPTURED","payment_id":"PAY-1","transaction_id":"TRX-1"} 
[2026-09-11 20:47:21] testing.INFO: Al Rajhi callback received {"service":"alrajhi","timestamp":"2026-09-11T20:47:21+00:00","correlation_id":"order_56","internal_order_id":56,"result":"NOT CAPTURED"} 
[2026-09-11 20:47:21] testing.ERROR: Al Rajhi callback payload could not be decoded {"service":"alrajhi","timestamp":"2026-09-11T20:47:21+00:00","correlation_id":"pay_a19f39ac-7535-4a29-822e-7612d04ab42b","ip":"127.0.0.1","has_trandata":true} 
[2026-09-11 20:47:21] testing.ERROR: Al Rajhi callback payload could not be decoded {"service":"alrajhi","timestamp":"2026-09-11T20:47:21+00:00","correlation_id":"pay_3fc9dc18-0592-48cf-82cf-2c5c9df6f550","ip":"127.0.0.1"} 
[2026-09-11 20:47:21] testing.ERROR: Al Rajhi callback: order not found {"service":"alrajhi","timestamp":"2026-09-11T20:47:21+00:00","correlation_id":"pay_d3a007a7-29b5-4360-888f-cf9f1c847973","track_id":"999_1","result":"CAPTURED"} 
[2026-09-11 20:47:21] testing.ERROR: App\Http\Controllers\PaymentCallbackController::respondWithRedirect(): Return value must be of type Illuminate\Http\Response, Illuminate\Http\RedirectResponse returned {"exception":"[object] (TypeError(code: 0): App\\Http\\Controllers\\PaymentCallbackController::respondWithRedirect(): Return value must be of type Illuminate\\Http\\Response, Illuminate\\Http\\RedirectResponse returned at C:\\laragon\\www\\aber\\app\\Http\\Controllers\\PaymentCallbackController.php:106)
[stacktrace]
#0 C:\\laragon\\www\\aber\\app\\Http\\Controllers\\PaymentCallbackController.php(36): App\\Http\\Controllers\\PaymentCallbackController->respondWithRedirect(Object(Illuminate\\Http\\Request), 'http://localhos...')
#1 C:\\laragon\\www\\aber\\vendor\\laravel\\framework\\src\\Illuminate\\Routing\\Controller.php(54): App\\Http\\Controllers\\PaymentCallbackController->callback(Object(Illuminate\\Http\\Request))
#2 C:\\laragon\\www\\aber\\vendor\\laravel\\framework\\src\\Illuminate\\Routing\\ControllerDispatcher.php(43): Illuminate\\Routing\\Controller->callAction('callback', Array)
#3 C:\\laragon\\www\\aber\\vendor\\laravel\\framework\\src\\Illuminate\\Routing\\Route.php(265): Illuminate\\Routing\\ControllerDispatcher->dispatch(Object(Illuminate\\Routing\\Route), Object(App\\Http\\Controllers\\PaymentCallbackController), 'callback')
#4 C:\\laragon\\www\\aber\\vendor\\laravel\\framework\\src\\Illuminate\\Routing\\Route.php(211): Illuminate\\Routing\\Route->runController()
#5 C:\\laragon\\www\\aber\\vendor\\laravel\\framework\\src\\Illuminate\\Routing\\Router.php(808): Illuminate\\Routing\\Route->run()
#6 C:\\laragon\\www\\aber\\vendor\\laravel\\framework\\src\\Illuminate\\Pipeline\\Pipeline.php(169): Illuminate\\Routing\\Router->Illuminate\\Routing\\{closure}(Object(Illuminate\\Http\\Request))
#7 C:\\laragon\\www\\aber\\vendor\\laravel\\framework\\src\\Illuminate\\Routing\\Middleware\\SubstituteBindings.php(50): Illuminate\\Pipeline\\Pipeline->Illuminate\\Pipeline\\{closure}(Object(Illuminate\\Http\\Request))
#8 C:\\laragon\\www\\aber\\vendor\\laravel\\framework\\src\\Illuminate\\Pipeline\\Pipeline.php(208): Illuminate\\Routing\\Middleware\\SubstituteBindings->handle(Object(Illuminate\\Http\\Request), Object(Closure))
#9 C:\\laragon\\www\\aber\\vendor\\laravel\\framework\\src\\Illuminate\\Foundation\\Http\\Middleware\\VerifyCsrfToken.php(87): Illuminate\\Pipeline\\Pipeline->Illuminate\\Pipeline\\{closure}(Object(Illuminate\\Http\\Request))
#10 C:\\laragon\\www\\aber\\vendor\\laravel\\framework\\src\\Illuminate\\Pipeline\\Pipeline.php(208): Illuminate\\Foundation\\Http\\Middleware\\VerifyCsrfToken->handle(Object(Illuminate\\Http\\Request), Object(Closure))
#11 C:\\laragon\\www\\aber\\vendor\\laravel\\framework\\src\\Illuminate\\View\\Middleware\\ShareErrorsFromSession.php(48): Illuminate\\Pipeline\\Pipeline->Illuminate\\Pipeline\\{closure}(Object(Illuminate\\Http\\Request))
#12 C:\\laragon\\www\\aber\\vendor\\laravel\\framework\\src\\Illuminate\\Pipeline\\Pipeline.php(208): Illuminate\\View\\Middleware\\ShareErrorsFromSession->handle(Object(Illuminate\\Http\\Request), Object(Closure))
#13 C:\\laragon\\www\\aber\\vendor\\laravel\\framework\\src\\Illuminate\\Session\\Middleware\\StartSession.php(120): Illuminate\\Pipeline\\Pipeline->Illuminate\\Pipeline\\{closure}(Object(Illuminate\\Http\\Request))
#14 C:\\laragon\\www\\aber\\vendor\\laravel\\framework\\src\\Illuminate\\Session\\Middleware\\StartSession.php(63): Illuminate\\Session\\Middleware\\StartSession->handleStatefulRequest(Object(Illuminate\\Http\\Request), Object(Illuminate\\Session\\Store), Object(Closure))
#15 C:\\laragon\\www\\aber\\vendor\\laravel\\framework\\src\\Illuminate\\Pipeline\\Pipeline.php(208): Illuminate\\Session\\Middleware\\StartSession->handle(Object(Illuminate\\Http\\Request), Object(Closure))
#16 C:\\laragon\\www\\aber\\vendor\\laravel\\framework\\src\\Illuminate\\Cookie\\Middleware\\AddQueuedCookiesToResponse.php(36): Illuminate\\Pipeline\\Pipeline->Illuminate\\Pipeline\\{closure}(Object(Illuminate\\Http\\Request))
#17 C:\\laragon\\www\\aber\\vendor\\laravel\\framework\\src\\Illuminate\\Pipeline\\Pipeline.php(208): Illuminate\\Cookie\\Middleware\\AddQueuedCookiesToResponse->handle(Object(Illuminate\\Http\\Request), Object(Closure))
#18 C:\\laragon\\www\\aber\\vendor\\laravel\\framework\\src\\Illuminate\\Cookie\\Middleware\\EncryptCookies.php(74): Illuminate\\Pipeline\\Pipeline->Illuminate\\Pipeline\\{closure}(Object(Illuminate\\Http\\Request))
#19 C:\\laragon\\www\\aber\\vendor\\laravel\\framework\\src\\Illuminate\\Pipeline\\Pipeline.php(208): Illuminate\\Cookie\\Middleware\\EncryptCookies->handle(Object(Illuminate\\Http\\Request), Object(Closure))
#20 C:\\laragon\\www\\aber\\vendor\\laravel\\framework\\src\\Illuminate\\Pipeline\\Pipeline.php(126): Illuminate\\Pipeline\\Pipeline->Illuminate\\Pipeline\\{closure}(Object(Illuminate\\Http\\Request))
#21 C:\\laragon\\www\\aber\\vendor\\laravel\\framework\\src\\Illuminate\\Routing\\Router.php(807): Illuminate\\Pipeline\\Pipeline->then(Object(Closure))
#22 C:\\laragon\\www\\aber\\vendor\\laravel\\framework\\src\\Illuminate\\Routing\\Router.php(786): Illuminate\\Routing\\Router->runRouteWithinStack(Object(Illuminate\\Routing\\Route), Object(Illuminate\\Http\\Request))
#23 C:\\laragon\\www\\aber\\vendor\\laravel\\framework\\src\\Illuminate\\Routing\\Router.php(750): Illuminate\\Routing\\Router->runRoute(Object(Illuminate\\Http\\Request), Object(Illuminate\\Routing\\Route))
#24 C:\\laragon\\www\\aber\\vendor\\laravel\\framework\\src\\Illuminate\\Routing\\Router.php(739): Illuminate\\Routing\\Router->dispatchToRoute(Object(Illuminate\\Http\\Request))
#25 C:\\laragon\\www\\aber\\vendor\\laravel\\framework\\src\\Illuminate\\Foundation\\Http\\Kernel.php(200): Illuminate\\Routing\\Router->dispatch(Object(Illuminate\\Http\\Request))
#26 C:\\laragon\\www\\aber\\vendor\\laravel\\framework\\src\\Illuminate\\Pipeline\\Pipeline.php(169): Illuminate\\Foundation\\Http\\Kernel->Illuminate\\Foundation\\Http\\{closure}(Object(Illuminate\\Http\\Request))
#27 C:\\laragon\\www\\aber\\vendor\\laravel\\framework\\src\\Illuminate\\Foundation\\Http\\Middleware\\TransformsRequest.php(21): Illuminate\\Pipeline\\Pipeline->Illuminate\\Pipeline\\{closure}(Object(Illuminate\\Http\\Request))
#28 C:\\laragon\\www\\aber\\vendor\\laravel\\framework\\src\\Illuminate\\Foundation\\Http\\Middleware\\ConvertEmptyStringsToNull.php(31): Illuminate\\Foundation\\Http\\Middleware\\TransformsRequest->handle(Object(Illuminate\\Http\\Request), Object(Closure))
#29 C:\\laragon\\www\\aber\\vendor\\laravel\\framework\\src\\Illuminate\\Pipeline\\Pipeline.php(208): Illuminate\\Foundation\\Http\\Middleware\\ConvertEmptyStringsToNull->handle(Object(Illuminate\\Http\\Request), Object(Closure))
#30 C:\\laragon\\www\\aber\\vendor\\laravel\\framework\\src\\Illuminate\\Foundation\\Http\\Middleware\\TransformsRequest.php(21): Illuminate\\Pipeline\\Pipeline->Illuminate\\Pipeline\\{closure}(Object(Illuminate\\Http\\Request))
#31 C:\\laragon\\www\\aber\\vendor\\laravel\\framework\\src\\Illuminate\\Foundation\\Http\\Middleware\\TrimStrings.php(51): Illuminate\\Foundation\\Http\\Middleware\\TransformsRequest->handle(Object(Illuminate\\Http\\Request), Object(Closure))
#32 C:\\laragon\\www\\aber\\vendor\\laravel\\framework\\src\\Illuminate\\Pipeline\\Pipeline.php(208): Illuminate\\Foundation\\Http\\Middleware\\TrimStrings->handle(Object(Illuminate\\Http\\Request), Object(Closure))
#33 C:\\laragon\\www\\aber\\vendor\\laravel\\framework\\src\\Illuminate\\Http\\Middleware\\ValidatePostSize.php(27): Illuminate\\Pipeline\\Pipeline->Illuminate\\Pipeline\\{closure}(Object(Illuminate\\Http\\Request))
#34 C:\\laragon\\www\\aber\\vendor\\laravel\\framework\\src\\Illuminate\\Pipeline\\Pipeline.php(208): Illuminate\\Http\\Middleware\\ValidatePostSize->handle(Object(Illuminate\\Http\\Request), Object(Closure))
#35 C:\\laragon\\www\\aber\\vendor\\laravel\\framework\\src\\Illuminate\\Foundation\\Http\\Middleware\\PreventRequestsDuringMaintenance.php(109): Illuminate\\Pipeline\\Pipeline->Illuminate\\Pipeline\\{closure}(Object(Illuminate\\Http\\Request))
#36 C:\\laragon\\www\\aber\\vendor\\laravel\\framework\\src\\Illuminate\\Pipeline\\Pipeline.php(208): Illuminate\\Foundation\\Http\\Middleware\\PreventRequestsDuringMaintenance->handle(Object(Illuminate\\Http\\Request), Object(Closure))
#37 C:\\laragon\\www\\aber\\vendor\\laravel\\framework\\src\\Illuminate\\Http\\Middleware\\HandleCors.php(48): Illuminate\\Pipeline\\Pipeline->Illuminate\\Pipeline\\{closure}(Object(Illuminate\\Http\\Request))
#38 C:\\laragon\\www\\aber\\vendor\\laravel\\framework\\src\\Illuminate\\Pipeline\\Pipeline.php(208): Illuminate\\Http\\Middleware\\HandleCors->handle(Object(Illuminate\\Http\\Request), Object(Closure))
#39 C:\\laragon\\www\\aber\\vendor\\laravel\\framework\\src\\Illuminate\\Http\\Middleware\\TrustProxies.php(58): Illuminate\\Pipeline\\Pipeline->Illuminate\\Pipeline\\{closure}(Object(Illuminate\\Http\\Request))
#40 C:\\laragon\\www\\aber\\vendor\\laravel\\framework\\src\\Illuminate\\Pipeline\\Pipeline.php(208): Illuminate\\Http\\Middleware\\TrustProxies->handle(Object(Illuminate\\Http\\Request), Object(Closure))
#41 C:\\laragon\\www\\aber\\vendor\\laravel\\framework\\src\\Illuminate\\Foundation\\Http\\Middleware\\InvokeDeferredCallbacks.php(22): Illuminate\\Pipeline\\Pipeline->Illuminate\\Pipeline\\{closure}(Object(Illuminate\\Http\\Request))
#42 C:\\laragon\\www\\aber\\vendor\\laravel\\framework\\src\\Illuminate\\Pipeline\\Pipeline.php(208): Illuminate\\Foundation\\Http\\Middleware\\InvokeDeferredCallbacks->handle(Object(Illuminate\\Http\\Request), Object(Closure))
#43 C:\\laragon\\www\\aber\\vendor\\laravel\\framework\\src\\Illuminate\\Http\\Middleware\\ValidatePathEncoding.php(26): Illuminate\\Pipeline\\Pipeline->Illuminate\\Pipeline\\{closure}(Object(Illuminate\\Http\\Request))
#44 C:\\laragon\\www\\aber\\vendor\\laravel\\framework\\src\\Illuminate\\Pipeline\\Pipeline.php(208): Illuminate\\Http\\Middleware\\ValidatePathEncoding->handle(Object(Illuminate\\Http\\Request), Object(Closure))
#45 C:\\laragon\\www\\aber\\vendor\\laravel\\framework\\src\\Illuminate\\Pipeline\\Pipeline.php(126): Illuminate\\Pipeline\\Pipeline->Illuminate\\Pipeline\\{closure}(Object(Illuminate\\Http\\Request))
#46 C:\\laragon\\www\\aber\\vendor\\laravel\\framework\\src\\Illuminate\\Foundation\\Http\\Kernel.php(175): Illuminate\\Pipeline\\Pipeline->then(Object(Closure))
#47 C:\\laragon\\www\\aber\\vendor\\laravel\\framework\\src\\Illuminate\\Foundation\\Http\\Kernel.php(144): Illuminate\\Foundation\\Http\\Kernel->sendRequestThroughRouter(Object(Illuminate\\Http\\Request))
#48 C:\\laragon\\www\\aber\\vendor\\laravel\\framework\\src\\Illuminate\\Foundation\\Testing\\Concerns\\MakesHttpRequests.php(607): Illuminate\\Foundation\\Http\\Kernel->handle(Object(Illuminate\\Http\\Request))
#49 C:\\laragon\\www\\aber\\vendor\\laravel\\framework\\src\\Illuminate\\Foundation\\Testing\\Concerns\\MakesHttpRequests.php(397): Illuminate\\Foundation\\Testing\\TestCase->call('POST', '/payment/callba...', Array, Array, Array, Array)
#50 C:\\laragon\\www\\aber\\tests\\Feature\\AlRajhiPaymentTest.php(193): Illuminate\\Foundation\\Testing\\TestCase->post('/payment/callba...', Array)
#51 C:\\laragon\\www\\aber\\vendor\\phpunit\\phpunit\\src\\Framework\\TestCase.php(1240): Tests\\Feature\\AlRajhiPaymentTest->test_http_redirect_callback_mode_issues_a_302()
#52 C:\\laragon\\www\\aber\\vendor\\phpunit\\phpunit\\src\\Framework\\TestCase.php(514): PHPUnit\\Framework\\TestCase->runTest()
#53 C:\\laragon\\www\\aber\\vendor\\phpunit\\phpunit\\src\\Framework\\TestRunner\\TestRunner.php(87): PHPUnit\\Framework\\TestCase->runBare()
#54 C:\\laragon\\www\\aber\\vendor\\phpunit\\phpunit\\src\\Framework\\TestCase.php(361): PHPUnit\\Framework\\TestRunner->run(Object(Tests\\Feature\\AlRajhiPaymentTest))
#55 C:\\laragon\\www\\aber\\vendor\\phpunit\\phpunit\\src\\Framework\\TestSuite.php(369): PHPUnit\\Framework\\TestCase->run()
#56 C:\\laragon\\www\\aber\\vendor\\phpunit\\phpunit\\src\\TextUI\\TestRunner.php(64): PHPUnit\\Framework\\TestSuite->run()
#57 C:\\laragon\\www\\aber\\vendor\\phpunit\\phpunit\\src\\TextUI\\Application.php(210): PHPUnit\\TextUI\\TestRunner->run(Object(PHPUnit\\TextUI\\Configuration\\Configuration), Object(PHPUnit\\Runner\\ResultCache\\DefaultResultCache), Object(PHPUnit\\Framework\\TestSuite))
#58 C:\\laragon\\www\\aber\\vendor\\phpunit\\phpunit\\phpunit(104): PHPUnit\\TextUI\\Application->run(Array)
#59 {main}
"} 
[2026-09-11 20:47:33] testing.INFO: Al Rajhi payment initiation request {"service":"alrajhi","timestamp":"2026-09-11T20:47:33+00:00","correlation_id":"order_42","internal_order_id":42,"track_id":"42_1789159653","amount":"150.50","currency":"682"} 
[2026-09-11 20:47:33] testing.INFO: Al Rajhi hosted page URL generated {"service":"alrajhi","timestamp":"2026-09-11T20:47:33+00:00","correlation_id":"order_42","internal_order_id":42,"payment_id":"100200300"} 
[2026-09-11 20:47:33] testing.INFO: Al Rajhi payment initiation request {"service":"alrajhi","timestamp":"2026-09-11T20:47:33+00:00","correlation_id":"order_7","internal_order_id":7,"track_id":"7_1789159653","amount":"10.00","currency":"682"} 
[2026-09-11 20:47:33] testing.ERROR: Al Rajhi payment initiation failed {"service":"alrajhi","timestamp":"2026-09-11T20:47:33+00:00","correlation_id":"order_7","internal_order_id":7,"status_code":200,"error_text":"Invalid Transportal ID"} 
[2026-09-11 20:47:33] testing.INFO: Al Rajhi callback received {"service":"alrajhi","timestamp":"2026-09-11T20:47:33+00:00","correlation_id":"order_55","internal_order_id":55,"result":"CAPTURED","payment_id":"PAY-1","transaction_id":"TRX-1"} 
[2026-09-11 20:47:33] testing.INFO: Al Rajhi callback received {"service":"alrajhi","timestamp":"2026-09-11T20:47:33+00:00","correlation_id":"order_56","internal_order_id":56,"result":"NOT CAPTURED"} 
[2026-09-11 20:47:33] testing.ERROR: Al Rajhi callback payload could not be decoded {"service":"alrajhi","timestamp":"2026-09-11T20:47:33+00:00","correlation_id":"pay_9177ebe2-2022-4fbb-ad41-0869758b20b5","ip":"127.0.0.1","has_trandata":true} 
[2026-09-11 20:47:33] testing.ERROR: Al Rajhi callback payload could not be decoded {"service":"alrajhi","timestamp":"2026-09-11T20:47:33+00:00","correlation_id":"pay_668c54d2-5f41-4993-a51e-eb163f1baf23","ip":"127.0.0.1"} 
[2026-09-11 20:47:33] testing.ERROR: Al Rajhi callback: order not found {"service":"alrajhi","timestamp":"2026-09-11T20:47:33+00:00","correlation_id":"pay_9bbae3b4-b321-4a60-9dd0-df8f9066fff5","track_id":"999_1","result":"CAPTURED"} 
[2026-09-11 20:47:33] testing.ERROR: App\Http\Controllers\PaymentCallbackController::respondWithRedirect(): Return value must be of type Illuminate\Http\Response, Illuminate\Http\RedirectResponse returned {"exception":"[object] (TypeError(code: 0): App\\Http\\Controllers\\PaymentCallbackController::respondWithRedirect(): Return value must be of type Illuminate\\Http\\Response, Illuminate\\Http\\RedirectResponse returned at C:\\laragon\\www\\aber\\app\\Http\\Controllers\\PaymentCallbackController.php:106)
[stacktrace]
#0 C:\\laragon\\www\\aber\\app\\Http\\Controllers\\PaymentCallbackController.php(36): App\\Http\\Controllers\\PaymentCallbackController->respondWithRedirect(Object(Illuminate\\Http\\Request), 'http://localhos...')
#1 C:\\laragon\\www\\aber\\vendor\\laravel\\framework\\src\\Illuminate\\Routing\\Controller.php(54): App\\Http\\Controllers\\PaymentCallbackController->callback(Object(Illuminate\\Http\\Request))
#2 C:\\laragon\\www\\aber\\vendor\\laravel\\framework\\src\\Illuminate\\Routing\\ControllerDispatcher.php(43): Illuminate\\Routing\\Controller->callAction('callback', Array)
#3 C:\\laragon\\www\\aber\\vendor\\laravel\\framework\\src\\Illuminate\\Routing\\Route.php(265): Illuminate\\Routing\\ControllerDispatcher->dispatch(Object(Illuminate\\Routing\\Route), Object(App\\Http\\Controllers\\PaymentCallbackController), 'callback')
#4 C:\\laragon\\www\\aber\\vendor\\laravel\\framework\\src\\Illuminate\\Routing\\Route.php(211): Illuminate\\Routing\\Route->runController()
#5 C:\\laragon\\www\\aber\\vendor\\laravel\\framework\\src\\Illuminate\\Routing\\Router.php(808): Illuminate\\Routing\\Route->run()
#6 C:\\laragon\\www\\aber\\vendor\\laravel\\framework\\src\\Illuminate\\Pipeline\\Pipeline.php(169): Illuminate\\Routing\\Router->Illuminate\\Routing\\{closure}(Object(Illuminate\\Http\\Request))
#7 C:\\laragon\\www\\aber\\vendor\\laravel\\framework\\src\\Illuminate\\Routing\\Middleware\\SubstituteBindings.php(50): Illuminate\\Pipeline\\Pipeline->Illuminate\\Pipeline\\{closure}(Object(Illuminate\\Http\\Request))
#8 C:\\laragon\\www\\aber\\vendor\\laravel\\framework\\src\\Illuminate\\Pipeline\\Pipeline.php(208): Illuminate\\Routing\\Middleware\\SubstituteBindings->handle(Object(Illuminate\\Http\\Request), Object(Closure))
#9 C:\\laragon\\www\\aber\\vendor\\laravel\\framework\\src\\Illuminate\\Foundation\\Http\\Middleware\\VerifyCsrfToken.php(87): Illuminate\\Pipeline\\Pipeline->Illuminate\\Pipeline\\{closure}(Object(Illuminate\\Http\\Request))
#10 C:\\laragon\\www\\aber\\vendor\\laravel\\framework\\src\\Illuminate\\Pipeline\\Pipeline.php(208): Illuminate\\Foundation\\Http\\Middleware\\VerifyCsrfToken->handle(Object(Illuminate\\Http\\Request), Object(Closure))
#11 C:\\laragon\\www\\aber\\vendor\\laravel\\framework\\src\\Illuminate\\View\\Middleware\\ShareErrorsFromSession.php(48): Illuminate\\Pipeline\\Pipeline->Illuminate\\Pipeline\\{closure}(Object(Illuminate\\Http\\Request))
#12 C:\\laragon\\www\\aber\\vendor\\laravel\\framework\\src\\Illuminate\\Pipeline\\Pipeline.php(208): Illuminate\\View\\Middleware\\ShareErrorsFromSession->handle(Object(Illuminate\\Http\\Request), Object(Closure))
#13 C:\\laragon\\www\\aber\\vendor\\laravel\\framework\\src\\Illuminate\\Session\\Middleware\\StartSession.php(120): Illuminate\\Pipeline\\Pipeline->Illuminate\\Pipeline\\{closure}(Object(Illuminate\\Http\\Request))
#14 C:\\laragon\\www\\aber\\vendor\\laravel\\framework\\src\\Illuminate\\Session\\Middleware\\StartSession.php(63): Illuminate\\Session\\Middleware\\StartSession->handleStatefulRequest(Object(Illuminate\\Http\\Request), Object(Illuminate\\Session\\Store), Object(Closure))
#15 C:\\laragon\\www\\aber\\vendor\\laravel\\framework\\src\\Illuminate\\Pipeline\\Pipeline.php(208): Illuminate\\Session\\Middleware\\StartSession->handle(Object(Illuminate\\Http\\Request), Object(Closure))
#16 C:\\laragon\\www\\aber\\vendor\\laravel\\framework\\src\\Illuminate\\Cookie\\Middleware\\AddQueuedCookiesToResponse.php(36): Illuminate\\Pipeline\\Pipeline->Illuminate\\Pipeline\\{closure}(Object(Illuminate\\Http\\Request))
#17 C:\\laragon\\www\\aber\\vendor\\laravel\\framework\\src\\Illuminate\\Pipeline\\Pipeline.php(208): Illuminate\\Cookie\\Middleware\\AddQueuedCookiesToResponse->handle(Object(Illuminate\\Http\\Request), Object(Closure))
#18 C:\\laragon\\www\\aber\\vendor\\laravel\\framework\\src\\Illuminate\\Cookie\\Middleware\\EncryptCookies.php(74): Illuminate\\Pipeline\\Pipeline->Illuminate\\Pipeline\\{closure}(Object(Illuminate\\Http\\Request))
#19 C:\\laragon\\www\\aber\\vendor\\laravel\\framework\\src\\Illuminate\\Pipeline\\Pipeline.php(208): Illuminate\\Cookie\\Middleware\\EncryptCookies->handle(Object(Illuminate\\Http\\Request), Object(Closure))
#20 C:\\laragon\\www\\aber\\vendor\\laravel\\framework\\src\\Illuminate\\Pipeline\\Pipeline.php(126): Illuminate\\Pipeline\\Pipeline->Illuminate\\Pipeline\\{closure}(Object(Illuminate\\Http\\Request))
#21 C:\\laragon\\www\\aber\\vendor\\laravel\\framework\\src\\Illuminate\\Routing\\Router.php(807): Illuminate\\Pipeline\\Pipeline->then(Object(Closure))
#22 C:\\laragon\\www\\aber\\vendor\\laravel\\framework\\src\\Illuminate\\Routing\\Router.php(786): Illuminate\\Routing\\Router->runRouteWithinStack(Object(Illuminate\\Routing\\Route), Object(Illuminate\\Http\\Request))
#23 C:\\laragon\\www\\aber\\vendor\\laravel\\framework\\src\\Illuminate\\Routing\\Router.php(750): Illuminate\\Routing\\Router->runRoute(Object(Illuminate\\Http\\Request), Object(Illuminate\\Routing\\Route))
#24 C:\\laragon\\www\\aber\\vendor\\laravel\\framework\\src\\Illuminate\\Routing\\Router.php(739): Illuminate\\Routing\\Router->dispatchToRoute(Object(Illuminate\\Http\\Request))
#25 C:\\laragon\\www\\aber\\vendor\\laravel\\framework\\src\\Illuminate\\Foundation\\Http\\Kernel.php(200): Illuminate\\Routing\\Router->dispatch(Object(Illuminate\\Http\\Request))
#26 C:\\laragon\\www\\aber\\vendor\\laravel\\framework\\src\\Illuminate\\Pipeline\\Pipeline.php(169): Illuminate\\Foundation\\Http\\Kernel->Illuminate\\Foundation\\Http\\{closure}(Object(Illuminate\\Http\\Request))
#27 C:\\laragon\\www\\aber\\vendor\\laravel\\framework\\src\\Illuminate\\Foundation\\Http\\Middleware\\TransformsRequest.php(21): Illuminate\\Pipeline\\Pipeline->Illuminate\\Pipeline\\{closure}(Object(Illuminate\\Http\\Request))
#28 C:\\laragon\\www\\aber\\vendor\\laravel\\framework\\src\\Illuminate\\Foundation\\Http\\Middleware\\ConvertEmptyStringsToNull.php(31): Illuminate\\Foundation\\Http\\Middleware\\TransformsRequest->handle(Object(Illuminate\\Http\\Request), Object(Closure))
#29 C:\\laragon\\www\\aber\\vendor\\laravel\\framework\\src\\Illuminate\\Pipeline\\Pipeline.php(208): Illuminate\\Foundation\\Http\\Middleware\\ConvertEmptyStringsToNull->handle(Object(Illuminate\\Http\\Request), Object(Closure))
#30 C:\\laragon\\www\\aber\\vendor\\laravel\\framework\\src\\Illuminate\\Foundation\\Http\\Middleware\\TransformsRequest.php(21): Illuminate\\Pipeline\\Pipeline->Illuminate\\Pipeline\\{closure}(Object(Illuminate\\Http\\Request))
#31 C:\\laragon\\www\\aber\\vendor\\laravel\\framework\\src\\Illuminate\\Foundation\\Http\\Middleware\\TrimStrings.php(51): Illuminate\\Foundation\\Http\\Middleware\\TransformsRequest->handle(Object(Illuminate\\Http\\Request), Object(Closure))
#32 C:\\laragon\\www\\aber\\vendor\\laravel\\framework\\src\\Illuminate\\Pipeline\\Pipeline.php(208): Illuminate\\Foundation\\Http\\Middleware\\TrimStrings->handle(Object(Illuminate\\Http\\Request), Object(Closure))
#33 C:\\laragon\\www\\aber\\vendor\\laravel\\framework\\src\\Illuminate\\Http\\Middleware\\ValidatePostSize.php(27): Illuminate\\Pipeline\\Pipeline->Illuminate\\Pipeline\\{closure}(Object(Illuminate\\Http\\Request))
#34 C:\\laragon\\www\\aber\\vendor\\laravel\\framework\\src\\Illuminate\\Pipeline\\Pipeline.php(208): Illuminate\\Http\\Middleware\\ValidatePostSize->handle(Object(Illuminate\\Http\\Request), Object(Closure))
#35 C:\\laragon\\www\\aber\\vendor\\laravel\\framework\\src\\Illuminate\\Foundation\\Http\\Middleware\\PreventRequestsDuringMaintenance.php(109): Illuminate\\Pipeline\\Pipeline->Illuminate\\Pipeline\\{closure}(Object(Illuminate\\Http\\Request))
#36 C:\\laragon\\www\\aber\\vendor\\laravel\\framework\\src\\Illuminate\\Pipeline\\Pipeline.php(208): Illuminate\\Foundation\\Http\\Middleware\\PreventRequestsDuringMaintenance->handle(Object(Illuminate\\Http\\Request), Object(Closure))
#37 C:\\laragon\\www\\aber\\vendor\\laravel\\framework\\src\\Illuminate\\Http\\Middleware\\HandleCors.php(48): Illuminate\\Pipeline\\Pipeline->Illuminate\\Pipeline\\{closure}(Object(Illuminate\\Http\\Request))
#38 C:\\laragon\\www\\aber\\vendor\\laravel\\framework\\src\\Illuminate\\Pipeline\\Pipeline.php(208): Illuminate\\Http\\Middleware\\HandleCors->handle(Object(Illuminate\\Http\\Request), Object(Closure))
#39 C:\\laragon\\www\\aber\\vendor\\laravel\\framework\\src\\Illuminate\\Http\\Middleware\\TrustProxies.php(58): Illuminate\\Pipeline\\Pipeline->Illuminate\\Pipeline\\{closure}(Object(Illuminate\\Http\\Request))
#40 C:\\laragon\\www\\aber\\vendor\\laravel\\framework\\src\\Illuminate\\Pipeline\\Pipeline.php(208): Illuminate\\Http\\Middleware\\TrustProxies->handle(Object(Illuminate\\Http\\Request), Object(Closure))
#41 C:\\laragon\\www\\aber\\vendor\\laravel\\framework\\src\\Illuminate\\Foundation\\Http\\Middleware\\InvokeDeferredCallbacks.php(22): Illuminate\\Pipeline\\Pipeline->Illuminate\\Pipeline\\{closure}(Object(Illuminate\\Http\\Request))
#42 C:\\laragon\\www\\aber\\vendor\\laravel\\framework\\src\\Illuminate\\Pipeline\\Pipeline.php(208): Illuminate\\Foundation\\Http\\Middleware\\InvokeDeferredCallbacks->handle(Object(Illuminate\\Http\\Request), Object(Closure))
#43 C:\\laragon\\www\\aber\\vendor\\laravel\\framework\\src\\Illuminate\\Http\\Middleware\\ValidatePathEncoding.php(26): Illuminate\\Pipeline\\Pipeline->Illuminate\\Pipeline\\{closure}(Object(Illuminate\\Http\\Request))
#44 C:\\laragon\\www\\aber\\vendor\\laravel\\framework\\src\\Illuminate\\Pipeline\\Pipeline.php(208): Illuminate\\Http\\Middleware\\ValidatePathEncoding->handle(Object(Illuminate\\Http\\Request), Object(Closure))
#45 C:\\laragon\\www\\aber\\vendor\\laravel\\framework\\src\\Illuminate\\Pipeline\\Pipeline.php(126): Illuminate\\Pipeline\\Pipeline->Illuminate\\Pipeline\\{closure}(Object(Illuminate\\Http\\Request))
#46 C:\\laragon\\www\\aber\\vendor\\laravel\\framework\\src\\Illuminate\\Foundation\\Http\\Kernel.php(175): Illuminate\\Pipeline\\Pipeline->then(Object(Closure))
#47 C:\\laragon\\www\\aber\\vendor\\laravel\\framework\\src\\Illuminate\\Foundation\\Http\\Kernel.php(144): Illuminate\\Foundation\\Http\\Kernel->sendRequestThroughRouter(Object(Illuminate\\Http\\Request))
#48 C:\\laragon\\www\\aber\\vendor\\laravel\\framework\\src\\Illuminate\\Foundation\\Testing\\Concerns\\MakesHttpRequests.php(607): Illuminate\\Foundation\\Http\\Kernel->handle(Object(Illuminate\\Http\\Request))
#49 C:\\laragon\\www\\aber\\vendor\\laravel\\framework\\src\\Illuminate\\Foundation\\Testing\\Concerns\\MakesHttpRequests.php(397): Illuminate\\Foundation\\Testing\\TestCase->call('POST', '/payment/callba...', Array, Array, Array, Array)
#50 C:\\laragon\\www\\aber\\tests\\Feature\\AlRajhiPaymentTest.php(193): Illuminate\\Foundation\\Testing\\TestCase->post('/payment/callba...', Array)
#51 C:\\laragon\\www\\aber\\vendor\\phpunit\\phpunit\\src\\Framework\\TestCase.php(1240): Tests\\Feature\\AlRajhiPaymentTest->test_http_redirect_callback_mode_issues_a_302()
#52 C:\\laragon\\www\\aber\\vendor\\phpunit\\phpunit\\src\\Framework\\TestCase.php(514): PHPUnit\\Framework\\TestCase->runTest()
#53 C:\\laragon\\www\\aber\\vendor\\phpunit\\phpunit\\src\\Framework\\TestRunner\\TestRunner.php(87): PHPUnit\\Framework\\TestCase->runBare()
#54 C:\\laragon\\www\\aber\\vendor\\phpunit\\phpunit\\src\\Framework\\TestCase.php(361): PHPUnit\\Framework\\TestRunner->run(Object(Tests\\Feature\\AlRajhiPaymentTest))
#55 C:\\laragon\\www\\aber\\vendor\\phpunit\\phpunit\\src\\Framework\\TestSuite.php(369): PHPUnit\\Framework\\TestCase->run()
#56 C:\\laragon\\www\\aber\\vendor\\phpunit\\phpunit\\src\\TextUI\\TestRunner.php(64): PHPUnit\\Framework\\TestSuite->run()
#57 C:\\laragon\\www\\aber\\vendor\\phpunit\\phpunit\\src\\TextUI\\Application.php(210): PHPUnit\\TextUI\\TestRunner->run(Object(PHPUnit\\TextUI\\Configuration\\Configuration), Object(PHPUnit\\Runner\\ResultCache\\DefaultResultCache), Object(PHPUnit\\Framework\\TestSuite))
#58 C:\\laragon\\www\\aber\\vendor\\phpunit\\phpunit\\phpunit(104): PHPUnit\\TextUI\\Application->run(Array)
#59 {main}
"} 
[2026-09-11 20:48:07] testing.INFO: Al Rajhi payment initiation request {"service":"alrajhi","timestamp":"2026-09-11T20:48:07+00:00","correlation_id":"order_42","internal_order_id":42,"track_id":"42_1789159687","amount":"150.50","currency":"682"} 
[2026-09-11 20:48:07] testing.INFO: Al Rajhi hosted page URL generated {"service":"alrajhi","timestamp":"2026-09-11T20:48:07+00:00","correlation_id":"order_42","internal_order_id":42,"payment_id":"100200300"} 
[2026-09-11 20:48:07] testing.INFO: Al Rajhi payment initiation request {"service":"alrajhi","timestamp":"2026-09-11T20:48:07+00:00","correlation_id":"order_7","internal_order_id":7,"track_id":"7_1789159687","amount":"10.00","currency":"682"} 
[2026-09-11 20:48:07] testing.ERROR: Al Rajhi payment initiation failed {"service":"alrajhi","timestamp":"2026-09-11T20:48:07+00:00","correlation_id":"order_7","internal_order_id":7,"status_code":200,"error_text":"Invalid Transportal ID"} 
[2026-09-11 20:48:07] testing.INFO: Al Rajhi callback received {"service":"alrajhi","timestamp":"2026-09-11T20:48:07+00:00","correlation_id":"order_55","internal_order_id":55,"result":"CAPTURED","payment_id":"PAY-1","transaction_id":"TRX-1"} 
[2026-09-11 20:48:07] testing.INFO: Al Rajhi callback received {"service":"alrajhi","timestamp":"2026-09-11T20:48:07+00:00","correlation_id":"order_56","internal_order_id":56,"result":"NOT CAPTURED"} 
[2026-09-11 20:48:07] testing.ERROR: Al Rajhi callback payload could not be decoded {"service":"alrajhi","timestamp":"2026-09-11T20:48:07+00:00","correlation_id":"pay_1d2f1c42-28c2-4c3f-9c63-d3d94266ef67","ip":"127.0.0.1","has_trandata":true} 
[2026-09-11 20:48:07] testing.ERROR: Al Rajhi callback payload could not be decoded {"service":"alrajhi","timestamp":"2026-09-11T20:48:07+00:00","correlation_id":"pay_01a3a245-5673-4ab3-8f13-943837e2a7d1","ip":"127.0.0.1"} 
[2026-09-11 20:48:07] testing.ERROR: Al Rajhi callback: order not found {"service":"alrajhi","timestamp":"2026-09-11T20:48:07+00:00","correlation_id":"pay_3977b715-c217-494b-acfe-259e641af189","track_id":"999_1","result":"CAPTURED"} 
[2026-09-11 21:06:26] testing.ERROR: Order creation failed {"error":"SQLSTATE[23000]: Integrity constraint violation: 19 FOREIGN KEY constraint failed (Connection: sqlite, SQL: insert into \"orders\" (\"status\", \"payment_method\", \"payment_status\", \"is_paid\", \"userId\", \"provider_id\", \"promoCodeDiscount\", \"total\", \"reference\", \"updated_at\", \"created_at\") values (pending_payment, alrajhi, pending, 0, 1, 1, 0, 0, #SHA3VNTB, 2026-09-11 21:06:26, 2026-09-11 21:06:26))"} 
[2026-09-11 21:06:26] testing.ERROR: Order creation failed {"error":"SQLSTATE[23000]: Integrity constraint violation: 19 FOREIGN KEY constraint failed (Connection: sqlite, SQL: insert into \"orders\" (\"status\", \"payment_method\", \"payment_status\", \"is_paid\", \"userId\", \"provider_id\", \"promoCodeDiscount\", \"total\", \"reference\", \"updated_at\", \"created_at\") values (pending_payment, alrajhi, pending, 0, 1, 1, 0, 0, #XCDJG3VG, 2026-09-11 21:06:26, 2026-09-11 21:06:26))"} 
[2026-09-11 21:06:26] testing.ERROR: Order creation failed {"error":"SQLSTATE[23000]: Integrity constraint violation: 19 FOREIGN KEY constraint failed (Connection: sqlite, SQL: insert into \"orders\" (\"status\", \"payment_method\", \"payment_status\", \"is_paid\", \"userId\", \"provider_id\", \"promoCodeDiscount\", \"total\", \"reference\", \"updated_at\", \"created_at\") values (pending_payment, alrajhi, pending, 0, 1, 1, 0, 0, #2I8PBM52, 2026-09-11 21:06:26, 2026-09-11 21:06:26))"} 
[2026-09-11 21:06:26] testing.ERROR: Order creation failed {"error":"SQLSTATE[23000]: Integrity constraint violation: 19 FOREIGN KEY constraint failed (Connection: sqlite, SQL: insert into \"orders\" (\"status\", \"payment_method\", \"payment_status\", \"is_paid\", \"userId\", \"provider_id\", \"promoCodeDiscount\", \"total\", \"reference\", \"updated_at\", \"created_at\") values (pending_payment, alrajhi, pending, 0, 1, 1, 0, 0, #SDR3BGQT, 2026-09-11 21:06:26, 2026-09-11 21:06:26))"} 
[2026-09-11 21:06:26] testing.ERROR: Order creation failed {"error":"SQLSTATE[23000]: Integrity constraint violation: 19 FOREIGN KEY constraint failed (Connection: sqlite, SQL: insert into \"orders\" (\"status\", \"payment_method\", \"payment_status\", \"is_paid\", \"userId\", \"provider_id\", \"promoCodeDiscount\", \"total\", \"reference\", \"updated_at\", \"created_at\") values (pending_payment, alrajhi, pending, 0, 1, 1, 0, 0, #IDFMOFZG, 2026-09-11 21:06:26, 2026-09-11 21:06:26))"} 
[2026-09-11 21:06:26] testing.ERROR: Order creation failed {"error":"SQLSTATE[23000]: Integrity constraint violation: 19 FOREIGN KEY constraint failed (Connection: sqlite, SQL: insert into \"orders\" (\"status\", \"payment_method\", \"payment_status\", \"is_paid\", \"userId\", \"provider_id\", \"promoCodeDiscount\", \"total\", \"reference\", \"updated_at\", \"created_at\") values (pending_payment, alrajhi, pending, 0, 1, 1, 0, 0, #ZGXQFNK0, 2026-09-11 21:06:26, 2026-09-11 21:06:26))"} 
[2026-09-11 21:06:26] testing.ERROR: Order creation failed {"error":"SQLSTATE[23000]: Integrity constraint violation: 19 FOREIGN KEY constraint failed (Connection: sqlite, SQL: insert into \"orders\" (\"status\", \"payment_method\", \"payment_status\", \"is_paid\", \"userId\", \"provider_id\", \"promoCodeDiscount\", \"total\", \"reference\", \"updated_at\", \"created_at\") values (pending_payment, alrajhi, pending, 0, 1, 1, 0, 0, #YIFNAYAN, 2026-09-11 21:06:26, 2026-09-11 21:06:26))"} 
[2026-09-11 21:06:26] testing.ERROR: Order creation failed {"error":"SQLSTATE[23000]: Integrity constraint violation: 19 FOREIGN KEY constraint failed (Connection: sqlite, SQL: insert into \"orders\" (\"status\", \"payment_method\", \"payment_status\", \"is_paid\", \"userId\", \"provider_id\", \"promoCodeDiscount\", \"total\", \"reference\", \"updated_at\", \"created_at\") values (pending_payment, alrajhi, pending, 0, 1, 1, 0, 0, #HJGLMHCP, 2026-09-11 21:06:26, 2026-09-11 21:06:26))"} 
[2026-09-11 21:06:26] testing.ERROR: Order creation failed {"error":"SQLSTATE[23000]: Integrity constraint violation: 19 FOREIGN KEY constraint failed (Connection: sqlite, SQL: insert into \"orders\" (\"status\", \"payment_method\", \"payment_status\", \"is_paid\", \"userId\", \"provider_id\", \"promoCodeDiscount\", \"total\", \"reference\", \"updated_at\", \"created_at\") values (pending_payment, alrajhi, pending, 0, 1, 1, 0, 0, #PAE0OXI8, 2026-09-11 21:06:26, 2026-09-11 21:06:26))"} 
[2026-09-11 21:06:34] testing.ERROR: Order creation failed {"error":"SQLSTATE[23000]: Integrity constraint violation: 19 FOREIGN KEY constraint failed (Connection: sqlite, SQL: insert into \"orders\" (\"status\", \"payment_method\", \"payment_status\", \"is_paid\", \"userId\", \"provider_id\", \"promoCodeDiscount\", \"total\", \"reference\", \"updated_at\", \"created_at\") values (pending_payment, alrajhi, pending, 0, 1, 1, 0, 0, #YAQD1OGF, 2026-09-11 21:06:34, 2026-09-11 21:06:34))"} 
[2026-09-11 21:07:39] testing.INFO: Al Rajhi payment initiation request {"service":"alrajhi","timestamp":"2026-09-11T21:07:39+00:00","correlation_id":"order_1","internal_order_id":1,"track_id":"1_1789160859","amount":"50.00","currency":"682"} 
[2026-09-11 21:07:39] testing.INFO: Al Rajhi hosted page URL generated {"service":"alrajhi","timestamp":"2026-09-11T21:07:39+00:00","correlation_id":"order_1","internal_order_id":1,"payment_id":"100200300"} 
[2026-09-11 21:07:39] testing.INFO: Al Rajhi payment initiation request {"service":"alrajhi","timestamp":"2026-09-11T21:07:39+00:00","correlation_id":"order_1","internal_order_id":1,"track_id":"1_1789160859","amount":"25.00","currency":"682"} 
[2026-09-11 21:07:39] testing.INFO: Al Rajhi hosted page URL generated {"service":"alrajhi","timestamp":"2026-09-11T21:07:39+00:00","correlation_id":"order_1","internal_order_id":1,"payment_id":"100200300"} 
[2026-09-11 21:07:39] testing.INFO: Al Rajhi payment initiation request {"service":"alrajhi","timestamp":"2026-09-11T21:07:39+00:00","correlation_id":"order_1","internal_order_id":1,"track_id":"1_1789160859","amount":"25.00","currency":"682"} 
[2026-09-11 21:07:39] testing.INFO: Al Rajhi hosted page URL generated {"service":"alrajhi","timestamp":"2026-09-11T21:07:39+00:00","correlation_id":"order_1","internal_order_id":1,"payment_id":"100200300"} 
[2026-09-11 21:07:39] testing.INFO: Al Rajhi payment initiation request {"service":"alrajhi","timestamp":"2026-09-11T21:07:39+00:00","correlation_id":"order_1","internal_order_id":1,"track_id":"1_1789160859","amount":"25.00","currency":"682"} 
[2026-09-11 21:07:39] testing.INFO: Al Rajhi hosted page URL generated {"service":"alrajhi","timestamp":"2026-09-11T21:07:39+00:00","correlation_id":"order_1","internal_order_id":1,"payment_id":"100200300"} 
[2026-09-11 21:07:39] testing.INFO: Al Rajhi callback received {"service":"alrajhi","timestamp":"2026-09-11T21:07:39+00:00","correlation_id":"order_1","internal_order_id":1,"result":"CAPTURED","payment_id":"PAY-1","transaction_id":"TRX-1"} 
[2026-09-11 21:07:39] testing.INFO: Payment status updated to paid - order released to provider {"service":"alrajhi","timestamp":"2026-09-11T21:07:39+00:00","correlation_id":"order_1","internal_order_id":1,"provider_id":1,"status":"pending","transaction_id":"TRX-1","payment_reference":"PAY-1"} 
[2026-09-11 21:07:39] testing.INFO: Al Rajhi callback received {"service":"alrajhi","timestamp":"2026-09-11T21:07:39+00:00","correlation_id":"order_1","internal_order_id":1,"result":"CAPTURED","payment_id":"PAY-1","transaction_id":"TRX-1"} 
[2026-09-11 21:07:39] testing.INFO: Order already paid - callback ignored {"service":"alrajhi","timestamp":"2026-09-11T21:07:39+00:00","correlation_id":"order_1","internal_order_id":1} 
[2026-09-11 21:07:40] testing.INFO: Al Rajhi payment initiation request {"service":"alrajhi","timestamp":"2026-09-11T21:07:40+00:00","correlation_id":"order_1","internal_order_id":1,"track_id":"1_1789160860","amount":"25.00","currency":"682"} 
[2026-09-11 21:07:40] testing.INFO: Al Rajhi hosted page URL generated {"service":"alrajhi","timestamp":"2026-09-11T21:07:40+00:00","correlation_id":"order_1","internal_order_id":1,"payment_id":"100200300"} 
[2026-09-11 21:07:40] testing.INFO: Payment status updated to paid - order released to provider {"service":"alrajhi","timestamp":"2026-09-11T21:07:40+00:00","correlation_id":"order_1","internal_order_id":1,"provider_id":1,"status":"pending","transaction_id":"TRX-2","payment_reference":"PAY-2"} 
[2026-09-11 21:07:40] testing.INFO: Provider notified of paid order {"service":"alrajhi","timestamp":"2026-09-11T21:07:40+00:00","correlation_id":"order_1","internal_order_id":1,"provider_id":1} 
[2026-09-11 21:07:40] testing.INFO: Al Rajhi payment initiation request {"service":"alrajhi","timestamp":"2026-09-11T21:07:40+00:00","correlation_id":"order_1","internal_order_id":1,"track_id":"1_1789160860","amount":"25.00","currency":"682"} 
[2026-09-11 21:07:40] testing.INFO: Al Rajhi hosted page URL generated {"service":"alrajhi","timestamp":"2026-09-11T21:07:40+00:00","correlation_id":"order_1","internal_order_id":1,"payment_id":"100200300"} 
[2026-09-11 21:07:40] testing.INFO: Payment status updated to paid - order released to provider {"service":"alrajhi","timestamp":"2026-09-11T21:07:40+00:00","correlation_id":"order_1","internal_order_id":1,"provider_id":1,"status":"pending","transaction_id":"TRX-3","payment_reference":"100200300"} 
[2026-09-11 21:07:40] testing.INFO: Provider notified of paid order {"service":"alrajhi","timestamp":"2026-09-11T21:07:40+00:00","correlation_id":"order_1","internal_order_id":1,"provider_id":1} 
[2026-09-11 21:07:40] testing.INFO: Provider notified of paid order {"service":"alrajhi","timestamp":"2026-09-11T21:07:40+00:00","correlation_id":"order_1","internal_order_id":1,"provider_id":1} 
[2026-09-11 21:07:40] testing.INFO: Provider notified of paid order {"service":"alrajhi","timestamp":"2026-09-11T21:07:40+00:00","correlation_id":"order_1","internal_order_id":1,"provider_id":1} 
[2026-09-11 21:07:40] testing.INFO: Al Rajhi payment initiation request {"service":"alrajhi","timestamp":"2026-09-11T21:07:40+00:00","correlation_id":"order_1","internal_order_id":1,"track_id":"1_1789160860","amount":"25.00","currency":"682"} 
[2026-09-11 21:07:40] testing.INFO: Al Rajhi hosted page URL generated {"service":"alrajhi","timestamp":"2026-09-11T21:07:40+00:00","correlation_id":"order_1","internal_order_id":1,"payment_id":"100200300"} 
[2026-09-11 21:07:40] testing.INFO: Al Rajhi payment initiation request {"service":"alrajhi","timestamp":"2026-09-11T21:07:40+00:00","correlation_id":"order_1","internal_order_id":1,"track_id":"1_1789160860","amount":"25.00","currency":"682"} 
[2026-09-11 21:07:40] testing.INFO: Al Rajhi hosted page URL generated {"service":"alrajhi","timestamp":"2026-09-11T21:07:40+00:00","correlation_id":"order_1","internal_order_id":1,"payment_id":"100200300"} 
[2026-09-11 21:07:40] testing.INFO: Al Rajhi callback received {"service":"alrajhi","timestamp":"2026-09-11T21:07:40+00:00","correlation_id":"order_1","internal_order_id":1,"result":"NOT CAPTURED"} 
[2026-09-11 21:07:40] testing.INFO: Payment status updated to failed - order remains hidden from provider {"service":"alrajhi","timestamp":"2026-09-11T21:07:40+00:00","correlation_id":"order_1","internal_order_id":1,"result":"NOT CAPTURED"} 
[2026-09-11 21:07:40] testing.ERROR: Al Rajhi error URL hit {"service":"alrajhi","timestamp":"2026-09-11T21:07:40+00:00","correlation_id":"order_1","internal_order_id":1,"track_id":"1_1700000000","error_text":"Transaction cancelled by user"} 
[2026-09-11 21:07:40] testing.INFO: Payment status updated to failed - order remains hidden from provider {"service":"alrajhi","timestamp":"2026-09-11T21:07:40+00:00","correlation_id":"order_1","internal_order_id":1,"result":"ERROR","error_text":"Transaction cancelled by user"} 
[2026-09-11 21:07:40] testing.INFO: Al Rajhi payment initiation request {"service":"alrajhi","timestamp":"2026-09-11T21:07:40+00:00","correlation_id":"order_1","internal_order_id":1,"track_id":"1_1789160860","amount":"25.00","currency":"682"} 
[2026-09-11 21:07:40] testing.INFO: Al Rajhi hosted page URL generated {"service":"alrajhi","timestamp":"2026-09-11T21:07:40+00:00","correlation_id":"order_1","internal_order_id":1,"payment_id":"100200300"} 
[2026-09-11 21:07:40] testing.INFO: Al Rajhi payment initiation request {"service":"alrajhi","timestamp":"2026-09-11T21:07:40+00:00","correlation_id":"order_1","internal_order_id":1,"track_id":"1_1789160860","amount":"25.00","currency":"682"} 
[2026-09-11 21:07:40] testing.INFO: Al Rajhi hosted page URL generated {"service":"alrajhi","timestamp":"2026-09-11T21:07:40+00:00","correlation_id":"order_1","internal_order_id":1,"payment_id":"100200300"} 
[2026-09-11 21:07:40] testing.INFO: Payment status updated to paid - order released to provider {"service":"alrajhi","timestamp":"2026-09-11T21:07:40+00:00","correlation_id":"order_1","internal_order_id":1,"provider_id":1,"status":"pending","transaction_id":"TRX-4","payment_reference":"100200300"} 
[2026-09-11 21:07:40] testing.INFO: Provider notified of paid order {"service":"alrajhi","timestamp":"2026-09-11T21:07:40+00:00","correlation_id":"order_1","internal_order_id":1,"provider_id":1} 
[2026-09-11 21:07:40] testing.INFO: Al Rajhi callback received {"service":"alrajhi","timestamp":"2026-09-11T21:07:40+00:00","correlation_id":"order_1","internal_order_id":1,"result":"NOT CAPTURED"} 
[2026-09-11 21:07:53] testing.INFO: Al Rajhi payment initiation request {"service":"alrajhi","timestamp":"2026-09-11T21:07:53+00:00","correlation_id":"order_42","internal_order_id":42,"track_id":"42_1789160873","amount":"150.50","currency":"682"} 
[2026-09-11 21:07:53] testing.INFO: Al Rajhi hosted page URL generated {"service":"alrajhi","timestamp":"2026-09-11T21:07:53+00:00","correlation_id":"order_42","internal_order_id":42,"payment_id":"100200300"} 
[2026-09-11 21:07:53] testing.INFO: Al Rajhi payment initiation request {"service":"alrajhi","timestamp":"2026-09-11T21:07:53+00:00","correlation_id":"order_7","internal_order_id":7,"track_id":"7_1789160873","amount":"10.00","currency":"682"} 
[2026-09-11 21:07:53] testing.ERROR: Al Rajhi payment initiation failed {"service":"alrajhi","timestamp":"2026-09-11T21:07:53+00:00","correlation_id":"order_7","internal_order_id":7,"status_code":200,"error_text":"Invalid Transportal ID"} 
[2026-09-11 21:07:53] testing.INFO: Al Rajhi callback received {"service":"alrajhi","timestamp":"2026-09-11T21:07:53+00:00","correlation_id":"order_55","internal_order_id":55,"result":"CAPTURED","payment_id":"PAY-1","transaction_id":"TRX-1"} 
[2026-09-11 21:07:53] testing.INFO: Al Rajhi callback received {"service":"alrajhi","timestamp":"2026-09-11T21:07:53+00:00","correlation_id":"order_56","internal_order_id":56,"result":"NOT CAPTURED"} 
[2026-09-11 21:07:54] testing.ERROR: Al Rajhi callback payload could not be decoded {"service":"alrajhi","timestamp":"2026-09-11T21:07:54+00:00","correlation_id":"pay_b3f9d9e4-415b-4d44-bfad-69d1be403fd4","ip":"127.0.0.1","has_trandata":true} 
[2026-09-11 21:07:54] testing.ERROR: Al Rajhi callback payload could not be decoded {"service":"alrajhi","timestamp":"2026-09-11T21:07:54+00:00","correlation_id":"pay_ed877fa8-fd4c-4a44-85e2-f8465f15a92a","ip":"127.0.0.1"} 
[2026-09-11 21:07:54] testing.ERROR: Al Rajhi callback: order not found {"service":"alrajhi","timestamp":"2026-09-11T21:07:54+00:00","correlation_id":"pay_be7dcf5e-2817-4a36-8958-56701016d219","track_id":"999_1","result":"CAPTURED"} 
[2026-09-11 21:07:54] testing.INFO: Al Rajhi payment initiation request {"service":"alrajhi","timestamp":"2026-09-11T21:07:54+00:00","correlation_id":"order_1","internal_order_id":1,"track_id":"1_1789160874","amount":"50.00","currency":"682"} 
[2026-09-11 21:07:54] testing.INFO: Al Rajhi hosted page URL generated {"service":"alrajhi","timestamp":"2026-09-11T21:07:54+00:00","correlation_id":"order_1","internal_order_id":1,"payment_id":"100200300"} 
[2026-09-11 21:07:54] testing.INFO: Al Rajhi payment initiation request {"service":"alrajhi","timestamp":"2026-09-11T21:07:54+00:00","correlation_id":"order_1","internal_order_id":1,"track_id":"1_1789160874","amount":"25.00","currency":"682"} 
[2026-09-11 21:07:54] testing.INFO: Al Rajhi hosted page URL generated {"service":"alrajhi","timestamp":"2026-09-11T21:07:54+00:00","correlation_id":"order_1","internal_order_id":1,"payment_id":"100200300"} 
[2026-09-11 21:07:54] testing.INFO: Al Rajhi payment initiation request {"service":"alrajhi","timestamp":"2026-09-11T21:07:54+00:00","correlation_id":"order_1","internal_order_id":1,"track_id":"1_1789160874","amount":"25.00","currency":"682"} 
[2026-09-11 21:07:54] testing.INFO: Al Rajhi hosted page URL generated {"service":"alrajhi","timestamp":"2026-09-11T21:07:54+00:00","correlation_id":"order_1","internal_order_id":1,"payment_id":"100200300"} 
[2026-09-11 21:07:55] testing.INFO: Al Rajhi payment initiation request {"service":"alrajhi","timestamp":"2026-09-11T21:07:55+00:00","correlation_id":"order_1","internal_order_id":1,"track_id":"1_1789160875","amount":"25.00","currency":"682"} 
[2026-09-11 21:07:55] testing.INFO: Al Rajhi hosted page URL generated {"service":"alrajhi","timestamp":"2026-09-11T21:07:55+00:00","correlation_id":"order_1","internal_order_id":1,"payment_id":"100200300"} 
[2026-09-11 21:07:55] testing.INFO: Al Rajhi callback received {"service":"alrajhi","timestamp":"2026-09-11T21:07:55+00:00","correlation_id":"order_1","internal_order_id":1,"result":"CAPTURED","payment_id":"PAY-1","transaction_id":"TRX-1"} 
[2026-09-11 21:07:55] testing.INFO: Payment status updated to paid - order released to provider {"service":"alrajhi","timestamp":"2026-09-11T21:07:55+00:00","correlation_id":"order_1","internal_order_id":1,"provider_id":1,"status":"pending","transaction_id":"TRX-1","payment_reference":"PAY-1"} 
[2026-09-11 21:07:55] testing.INFO: Al Rajhi callback received {"service":"alrajhi","timestamp":"2026-09-11T21:07:55+00:00","correlation_id":"order_1","internal_order_id":1,"result":"CAPTURED","payment_id":"PAY-1","transaction_id":"TRX-1"} 
[2026-09-11 21:07:55] testing.INFO: Order already paid - callback ignored {"service":"alrajhi","timestamp":"2026-09-11T21:07:55+00:00","correlation_id":"order_1","internal_order_id":1} 
[2026-09-11 21:07:55] testing.INFO: Al Rajhi payment initiation request {"service":"alrajhi","timestamp":"2026-09-11T21:07:55+00:00","correlation_id":"order_1","internal_order_id":1,"track_id":"1_1789160875","amount":"25.00","currency":"682"} 
[2026-09-11 21:07:55] testing.INFO: Al Rajhi hosted page URL generated {"service":"alrajhi","timestamp":"2026-09-11T21:07:55+00:00","correlation_id":"order_1","internal_order_id":1,"payment_id":"100200300"} 
[2026-09-11 21:07:55] testing.INFO: Payment status updated to paid - order released to provider {"service":"alrajhi","timestamp":"2026-09-11T21:07:55+00:00","correlation_id":"order_1","internal_order_id":1,"provider_id":1,"status":"pending","transaction_id":"TRX-2","payment_reference":"PAY-2"} 
[2026-09-11 21:07:55] testing.INFO: Provider notified of paid order {"service":"alrajhi","timestamp":"2026-09-11T21:07:55+00:00","correlation_id":"order_1","internal_order_id":1,"provider_id":1} 
[2026-09-11 21:07:55] testing.INFO: Al Rajhi payment initiation request {"service":"alrajhi","timestamp":"2026-09-11T21:07:55+00:00","correlation_id":"order_1","internal_order_id":1,"track_id":"1_1789160875","amount":"25.00","currency":"682"} 
[2026-09-11 21:07:55] testing.INFO: Al Rajhi hosted page URL generated {"service":"alrajhi","timestamp":"2026-09-11T21:07:55+00:00","correlation_id":"order_1","internal_order_id":1,"payment_id":"100200300"} 
[2026-09-11 21:07:55] testing.INFO: Payment status updated to paid - order released to provider {"service":"alrajhi","timestamp":"2026-09-11T21:07:55+00:00","correlation_id":"order_1","internal_order_id":1,"provider_id":1,"status":"pending","transaction_id":"TRX-3","payment_reference":"100200300"} 
[2026-09-11 21:07:55] testing.INFO: Provider notified of paid order {"service":"alrajhi","timestamp":"2026-09-11T21:07:55+00:00","correlation_id":"order_1","internal_order_id":1,"provider_id":1} 
[2026-09-11 21:07:55] testing.INFO: Provider notified of paid order {"service":"alrajhi","timestamp":"2026-09-11T21:07:55+00:00","correlation_id":"order_1","internal_order_id":1,"provider_id":1} 
[2026-09-11 21:07:55] testing.INFO: Provider notified of paid order {"service":"alrajhi","timestamp":"2026-09-11T21:07:55+00:00","correlation_id":"order_1","internal_order_id":1,"provider_id":1} 
[2026-09-11 21:07:55] testing.INFO: Al Rajhi payment initiation request {"service":"alrajhi","timestamp":"2026-09-11T21:07:55+00:00","correlation_id":"order_1","internal_order_id":1,"track_id":"1_1789160875","amount":"25.00","currency":"682"} 
[2026-09-11 21:07:55] testing.INFO: Al Rajhi hosted page URL generated {"service":"alrajhi","timestamp":"2026-09-11T21:07:55+00:00","correlation_id":"order_1","internal_order_id":1,"payment_id":"100200300"} 
[2026-09-11 21:07:55] testing.INFO: Al Rajhi payment initiation request {"service":"alrajhi","timestamp":"2026-09-11T21:07:55+00:00","correlation_id":"order_1","internal_order_id":1,"track_id":"1_1789160875","amount":"25.00","currency":"682"} 
[2026-09-11 21:07:55] testing.INFO: Al Rajhi hosted page URL generated {"service":"alrajhi","timestamp":"2026-09-11T21:07:55+00:00","correlation_id":"order_1","internal_order_id":1,"payment_id":"100200300"} 
[2026-09-11 21:07:55] testing.INFO: Al Rajhi callback received {"service":"alrajhi","timestamp":"2026-09-11T21:07:55+00:00","correlation_id":"order_1","internal_order_id":1,"result":"NOT CAPTURED"} 
[2026-09-11 21:07:55] testing.INFO: Payment status updated to failed - order remains hidden from provider {"service":"alrajhi","timestamp":"2026-09-11T21:07:55+00:00","correlation_id":"order_1","internal_order_id":1,"result":"NOT CAPTURED"} 
[2026-09-11 21:07:55] testing.ERROR: Al Rajhi error URL hit {"service":"alrajhi","timestamp":"2026-09-11T21:07:55+00:00","correlation_id":"order_1","internal_order_id":1,"track_id":"1_1700000000","error_text":"Transaction cancelled by user"} 
[2026-09-11 21:07:55] testing.INFO: Payment status updated to failed - order remains hidden from provider {"service":"alrajhi","timestamp":"2026-09-11T21:07:55+00:00","correlation_id":"order_1","internal_order_id":1,"result":"ERROR","error_text":"Transaction cancelled by user"} 
[2026-09-11 21:07:55] testing.INFO: Al Rajhi payment initiation request {"service":"alrajhi","timestamp":"2026-09-11T21:07:55+00:00","correlation_id":"order_1","internal_order_id":1,"track_id":"1_1789160875","amount":"25.00","currency":"682"} 
[2026-09-11 21:07:55] testing.INFO: Al Rajhi hosted page URL generated {"service":"alrajhi","timestamp":"2026-09-11T21:07:55+00:00","correlation_id":"order_1","internal_order_id":1,"payment_id":"100200300"} 
[2026-09-11 21:07:55] testing.INFO: Al Rajhi payment initiation request {"service":"alrajhi","timestamp":"2026-09-11T21:07:55+00:00","correlation_id":"order_1","internal_order_id":1,"track_id":"1_1789160875","amount":"25.00","currency":"682"} 
[2026-09-11 21:07:55] testing.INFO: Al Rajhi hosted page URL generated {"service":"alrajhi","timestamp":"2026-09-11T21:07:55+00:00","correlation_id":"order_1","internal_order_id":1,"payment_id":"100200300"} 
[2026-09-11 21:07:55] testing.INFO: Payment status updated to paid - order released to provider {"service":"alrajhi","timestamp":"2026-09-11T21:07:55+00:00","correlation_id":"order_1","internal_order_id":1,"provider_id":1,"status":"pending","transaction_id":"TRX-4","payment_reference":"100200300"} 
[2026-09-11 21:07:55] testing.INFO: Provider notified of paid order {"service":"alrajhi","timestamp":"2026-09-11T21:07:55+00:00","correlation_id":"order_1","internal_order_id":1,"provider_id":1} 
[2026-09-11 21:07:55] testing.INFO: Al Rajhi callback received {"service":"alrajhi","timestamp":"2026-09-11T21:07:55+00:00","correlation_id":"order_1","internal_order_id":1,"result":"NOT CAPTURED"} 
[2026-09-11 21:08:17] testing.INFO: Al Rajhi payment initiation request {"service":"alrajhi","timestamp":"2026-09-11T21:08:17+00:00","correlation_id":"order_42","internal_order_id":42,"track_id":"42_1789160897","amount":"150.50","currency":"682"} 
[2026-09-11 21:08:17] testing.INFO: Al Rajhi hosted page URL generated {"service":"alrajhi","timestamp":"2026-09-11T21:08:17+00:00","correlation_id":"order_42","internal_order_id":42,"payment_id":"100200300"} 
[2026-09-11 21:08:17] testing.INFO: Al Rajhi payment initiation request {"service":"alrajhi","timestamp":"2026-09-11T21:08:17+00:00","correlation_id":"order_7","internal_order_id":7,"track_id":"7_1789160897","amount":"10.00","currency":"682"} 
[2026-09-11 21:08:17] testing.ERROR: Al Rajhi payment initiation failed {"service":"alrajhi","timestamp":"2026-09-11T21:08:17+00:00","correlation_id":"order_7","internal_order_id":7,"status_code":200,"error_text":"Invalid Transportal ID"} 
[2026-09-11 21:08:17] testing.INFO: Al Rajhi callback received {"service":"alrajhi","timestamp":"2026-09-11T21:08:17+00:00","correlation_id":"order_55","internal_order_id":55,"result":"CAPTURED","payment_id":"PAY-1","transaction_id":"TRX-1"} 
[2026-09-11 21:08:17] testing.INFO: Al Rajhi callback received {"service":"alrajhi","timestamp":"2026-09-11T21:08:17+00:00","correlation_id":"order_56","internal_order_id":56,"result":"NOT CAPTURED"} 
[2026-09-11 21:08:17] testing.ERROR: Al Rajhi callback payload could not be decoded {"service":"alrajhi","timestamp":"2026-09-11T21:08:17+00:00","correlation_id":"pay_5f9da6ae-4060-442e-b08b-f7afac9b6a10","ip":"127.0.0.1","has_trandata":true} 
[2026-09-11 21:08:17] testing.ERROR: Al Rajhi callback payload could not be decoded {"service":"alrajhi","timestamp":"2026-09-11T21:08:17+00:00","correlation_id":"pay_707a68d9-d2f3-4cb3-be06-9539ca348260","ip":"127.0.0.1"} 
[2026-09-11 21:08:17] testing.ERROR: Al Rajhi callback: order not found {"service":"alrajhi","timestamp":"2026-09-11T21:08:17+00:00","correlation_id":"pay_aef8aeed-bb60-40bd-98a1-7e31572034df","track_id":"999_1","result":"CAPTURED"} 
[2026-09-11 21:08:18] testing.INFO: Al Rajhi payment initiation request {"service":"alrajhi","timestamp":"2026-09-11T21:08:18+00:00","correlation_id":"order_1","internal_order_id":1,"track_id":"1_1789160898","amount":"50.00","currency":"682"} 
[2026-09-11 21:08:18] testing.INFO: Al Rajhi hosted page URL generated {"service":"alrajhi","timestamp":"2026-09-11T21:08:18+00:00","correlation_id":"order_1","internal_order_id":1,"payment_id":"100200300"} 
[2026-09-11 21:08:18] testing.INFO: Al Rajhi payment initiation request {"service":"alrajhi","timestamp":"2026-09-11T21:08:18+00:00","correlation_id":"order_1","internal_order_id":1,"track_id":"1_1789160898","amount":"25.00","currency":"682"} 
[2026-09-11 21:08:18] testing.INFO: Al Rajhi hosted page URL generated {"service":"alrajhi","timestamp":"2026-09-11T21:08:18+00:00","correlation_id":"order_1","internal_order_id":1,"payment_id":"100200300"} 
[2026-09-11 21:08:18] testing.INFO: Al Rajhi payment initiation request {"service":"alrajhi","timestamp":"2026-09-11T21:08:18+00:00","correlation_id":"order_1","internal_order_id":1,"track_id":"1_1789160898","amount":"25.00","currency":"682"} 
[2026-09-11 21:08:18] testing.INFO: Al Rajhi hosted page URL generated {"service":"alrajhi","timestamp":"2026-09-11T21:08:18+00:00","correlation_id":"order_1","internal_order_id":1,"payment_id":"100200300"} 
[2026-09-11 21:08:18] testing.INFO: Al Rajhi payment initiation request {"service":"alrajhi","timestamp":"2026-09-11T21:08:18+00:00","correlation_id":"order_1","internal_order_id":1,"track_id":"1_1789160898","amount":"25.00","currency":"682"} 
[2026-09-11 21:08:18] testing.INFO: Al Rajhi hosted page URL generated {"service":"alrajhi","timestamp":"2026-09-11T21:08:18+00:00","correlation_id":"order_1","internal_order_id":1,"payment_id":"100200300"} 
[2026-09-11 21:08:18] testing.INFO: Al Rajhi callback received {"service":"alrajhi","timestamp":"2026-09-11T21:08:18+00:00","correlation_id":"order_1","internal_order_id":1,"result":"CAPTURED","payment_id":"PAY-1","transaction_id":"TRX-1"} 
[2026-09-11 21:08:18] testing.INFO: Payment status updated to paid - order released to provider {"service":"alrajhi","timestamp":"2026-09-11T21:08:18+00:00","correlation_id":"order_1","internal_order_id":1,"provider_id":1,"status":"pending","transaction_id":"TRX-1","payment_reference":"PAY-1"} 
[2026-09-11 21:08:18] testing.INFO: Al Rajhi callback received {"service":"alrajhi","timestamp":"2026-09-11T21:08:18+00:00","correlation_id":"order_1","internal_order_id":1,"result":"CAPTURED","payment_id":"PAY-1","transaction_id":"TRX-1"} 
[2026-09-11 21:08:18] testing.INFO: Order already paid - callback ignored {"service":"alrajhi","timestamp":"2026-09-11T21:08:18+00:00","correlation_id":"order_1","internal_order_id":1} 
[2026-09-11 21:08:18] testing.INFO: Al Rajhi payment initiation request {"service":"alrajhi","timestamp":"2026-09-11T21:08:18+00:00","correlation_id":"order_1","internal_order_id":1,"track_id":"1_1789160898","amount":"25.00","currency":"682"} 
[2026-09-11 21:08:18] testing.INFO: Al Rajhi hosted page URL generated {"service":"alrajhi","timestamp":"2026-09-11T21:08:18+00:00","correlation_id":"order_1","internal_order_id":1,"payment_id":"100200300"} 
[2026-09-11 21:08:18] testing.INFO: Payment status updated to paid - order released to provider {"service":"alrajhi","timestamp":"2026-09-11T21:08:18+00:00","correlation_id":"order_1","internal_order_id":1,"provider_id":1,"status":"pending","transaction_id":"TRX-2","payment_reference":"PAY-2"} 
[2026-09-11 21:08:18] testing.INFO: Provider notified of paid order {"service":"alrajhi","timestamp":"2026-09-11T21:08:18+00:00","correlation_id":"order_1","internal_order_id":1,"provider_id":1} 
[2026-09-11 21:08:18] testing.INFO: Al Rajhi payment initiation request {"service":"alrajhi","timestamp":"2026-09-11T21:08:18+00:00","correlation_id":"order_1","internal_order_id":1,"track_id":"1_1789160898","amount":"25.00","currency":"682"} 
[2026-09-11 21:08:18] testing.INFO: Al Rajhi hosted page URL generated {"service":"alrajhi","timestamp":"2026-09-11T21:08:18+00:00","correlation_id":"order_1","internal_order_id":1,"payment_id":"100200300"} 
[2026-09-11 21:08:18] testing.INFO: Payment status updated to paid - order released to provider {"service":"alrajhi","timestamp":"2026-09-11T21:08:18+00:00","correlation_id":"order_1","internal_order_id":1,"provider_id":1,"status":"pending","transaction_id":"TRX-3","payment_reference":"100200300"} 
[2026-09-11 21:08:18] testing.INFO: Provider notified of paid order {"service":"alrajhi","timestamp":"2026-09-11T21:08:18+00:00","correlation_id":"order_1","internal_order_id":1,"provider_id":1} 
[2026-09-11 21:08:18] testing.INFO: Provider notified of paid order {"service":"alrajhi","timestamp":"2026-09-11T21:08:18+00:00","correlation_id":"order_1","internal_order_id":1,"provider_id":1} 
[2026-09-11 21:08:18] testing.INFO: Provider notified of paid order {"service":"alrajhi","timestamp":"2026-09-11T21:08:18+00:00","correlation_id":"order_1","internal_order_id":1,"provider_id":1} 
[2026-09-11 21:08:18] testing.INFO: Al Rajhi payment initiation request {"service":"alrajhi","timestamp":"2026-09-11T21:08:18+00:00","correlation_id":"order_1","internal_order_id":1,"track_id":"1_1789160898","amount":"25.00","currency":"682"} 
[2026-09-11 21:08:18] testing.INFO: Al Rajhi hosted page URL generated {"service":"alrajhi","timestamp":"2026-09-11T21:08:18+00:00","correlation_id":"order_1","internal_order_id":1,"payment_id":"100200300"} 
[2026-09-11 21:08:18] testing.INFO: Al Rajhi payment initiation request {"service":"alrajhi","timestamp":"2026-09-11T21:08:18+00:00","correlation_id":"order_1","internal_order_id":1,"track_id":"1_1789160898","amount":"25.00","currency":"682"} 
[2026-09-11 21:08:18] testing.INFO: Al Rajhi hosted page URL generated {"service":"alrajhi","timestamp":"2026-09-11T21:08:18+00:00","correlation_id":"order_1","internal_order_id":1,"payment_id":"100200300"} 
[2026-09-11 21:08:18] testing.INFO: Al Rajhi callback received {"service":"alrajhi","timestamp":"2026-09-11T21:08:18+00:00","correlation_id":"order_1","internal_order_id":1,"result":"NOT CAPTURED"} 
[2026-09-11 21:08:18] testing.INFO: Payment status updated to failed - order remains hidden from provider {"service":"alrajhi","timestamp":"2026-09-11T21:08:18+00:00","correlation_id":"order_1","internal_order_id":1,"result":"NOT CAPTURED"} 
[2026-09-11 21:08:18] testing.ERROR: Al Rajhi error URL hit {"service":"alrajhi","timestamp":"2026-09-11T21:08:18+00:00","correlation_id":"order_1","internal_order_id":1,"track_id":"1_1700000000","error_text":"Transaction cancelled by user"} 
[2026-09-11 21:08:18] testing.INFO: Payment status updated to failed - order remains hidden from provider {"service":"alrajhi","timestamp":"2026-09-11T21:08:18+00:00","correlation_id":"order_1","internal_order_id":1,"result":"ERROR","error_text":"Transaction cancelled by user"} 
[2026-09-11 21:08:18] testing.INFO: Al Rajhi payment initiation request {"service":"alrajhi","timestamp":"2026-09-11T21:08:18+00:00","correlation_id":"order_1","internal_order_id":1,"track_id":"1_1789160898","amount":"25.00","currency":"682"} 
[2026-09-11 21:08:18] testing.INFO: Al Rajhi hosted page URL generated {"service":"alrajhi","timestamp":"2026-09-11T21:08:18+00:00","correlation_id":"order_1","internal_order_id":1,"payment_id":"100200300"} 
[2026-09-11 21:08:18] testing.INFO: Al Rajhi payment initiation request {"service":"alrajhi","timestamp":"2026-09-11T21:08:18+00:00","correlation_id":"order_1","internal_order_id":1,"track_id":"1_1789160898","amount":"25.00","currency":"682"} 
[2026-09-11 21:08:18] testing.INFO: Al Rajhi hosted page URL generated {"service":"alrajhi","timestamp":"2026-09-11T21:08:18+00:00","correlation_id":"order_1","internal_order_id":1,"payment_id":"100200300"} 
[2026-09-11 21:08:18] testing.INFO: Payment status updated to paid - order released to provider {"service":"alrajhi","timestamp":"2026-09-11T21:08:18+00:00","correlation_id":"order_1","internal_order_id":1,"provider_id":1,"status":"pending","transaction_id":"TRX-4","payment_reference":"100200300"} 
[2026-09-11 21:08:18] testing.INFO: Provider notified of paid order {"service":"alrajhi","timestamp":"2026-09-11T21:08:18+00:00","correlation_id":"order_1","internal_order_id":1,"provider_id":1} 
[2026-09-11 21:08:18] testing.INFO: Al Rajhi callback received {"service":"alrajhi","timestamp":"2026-09-11T21:08:18+00:00","correlation_id":"order_1","internal_order_id":1,"result":"NOT CAPTURED"} 
[2026-09-11 21:34:49] local.ERROR: SQLSTATE[01000]: Warning: 1265 Data truncated for column 'type' at row 1 (Connection: mysql, SQL: insert into `providers` (`email`, `name`, `car_name`, `phone`, `type`, `commercial_register`, `id_card`, `status`, `city`, `address`, `latitude`, `longitude`, `bio`, `is_open`, `password`, `avatar`, `provider_banner`, `phone_verified_at`, `approved_at`, `status_message`, `updated_at`, `created_at`) values (burger@aber.test, عربة برجر هاوس, Burger House Truck, 0552000001, commercial, 1010123456, 1234567890, active, الرياض, حي النرجس، بجوار حديقة النرجس, 24.8306, 46.648, أفضل برجر لحم واغيو في الرياض, 1, $2y$12$nyEPjQIDZldmEbaosJ5qCeKDmr9Jh4tnNFjOdyaizasuEa2LEytR., https://i.pravatar.cc/150?img=31, https://placehold.co/1200x400/png?text=Burger%20House%20Truck, 2026-09-11 21:34:49, 2026-08-12 21:34:49, ?, 2026-09-11 21:34:49, 2026-09-11 21:34:49)) {"exception":"[object] (Illuminate\\Database\\QueryException(code: 01000): SQLSTATE[01000]: Warning: 1265 Data truncated for column 'type' at row 1 (Connection: mysql, SQL: insert into `providers` (`email`, `name`, `car_name`, `phone`, `type`, `commercial_register`, `id_card`, `status`, `city`, `address`, `latitude`, `longitude`, `bio`, `is_open`, `password`, `avatar`, `provider_banner`, `phone_verified_at`, `approved_at`, `status_message`, `updated_at`, `created_at`) values (burger@aber.test, عربة برجر هاوس, Burger House Truck, 0552000001, commercial, 1010123456, 1234567890, active, الرياض, حي النرجس، بجوار حديقة النرجس, 24.8306, 46.648, أفضل برجر لحم واغيو في الرياض, 1, $2y$12$nyEPjQIDZldmEbaosJ5qCeKDmr9Jh4tnNFjOdyaizasuEa2LEytR., https://i.pravatar.cc/150?img=31, https://placehold.co/1200x400/png?text=Burger%20House%20Truck, 2026-09-11 21:34:49, 2026-08-12 21:34:49, ?, 2026-09-11 21:34:49, 2026-09-11 21:34:49)) at C:\\laragon\\www\\aber\\vendor\\laravel\\framework\\src\\Illuminate\\Database\\Connection.php:822)
[stacktrace]
#0 C:\\laragon\\www\\aber\\vendor\\laravel\\framework\\src\\Illuminate\\Database\\Connection.php(776): Illuminate\\Database\\Connection->runQueryCallback('insert into `pr...', Array, Object(Closure))
#1 C:\\laragon\\www\\aber\\vendor\\laravel\\framework\\src\\Illuminate\\Database\\MySqlConnection.php(42): Illuminate\\Database\\Connection->run('insert into `pr...', Array, Object(Closure))
#2 C:\\laragon\\www\\aber\\vendor\\laravel\\framework\\src\\Illuminate\\Database\\Query\\Processors\\MySqlProcessor.php(35): Illuminate\\Database\\MySqlConnection->insert('insert into `pr...', Array, 'id')
#3 C:\\laragon\\www\\aber\\vendor\\laravel\\framework\\src\\Illuminate\\Database\\Query\\Builder.php(3769): Illuminate\\Database\\Query\\Processors\\MySqlProcessor->processInsertGetId(Object(Illuminate\\Database\\Query\\Builder), 'insert into `pr...', Array, 'id')
#4 C:\\laragon\\www\\aber\\vendor\\laravel\\framework\\src\\Illuminate\\Database\\Eloquent\\Builder.php(2204): Illuminate\\Database\\Query\\Builder->insertGetId(Array, 'id')
#5 C:\\laragon\\www\\aber\\vendor\\laravel\\framework\\src\\Illuminate\\Database\\Eloquent\\Model.php(1361): Illuminate\\Database\\Eloquent\\Builder->__call('insertGetId', Array)
#6 C:\\laragon\\www\\aber\\vendor\\laravel\\framework\\src\\Illuminate\\Database\\Eloquent\\Model.php(1326): Illuminate\\Database\\Eloquent\\Model->insertAndSetId(Object(Illuminate\\Database\\Eloquent\\Builder), Array)
#7 C:\\laragon\\www\\aber\\vendor\\laravel\\framework\\src\\Illuminate\\Database\\Eloquent\\Model.php(1165): Illuminate\\Database\\Eloquent\\Model->performInsert(Object(Illuminate\\Database\\Eloquent\\Builder))
#8 C:\\laragon\\www\\aber\\database\\seeders\\ProviderSeeder.php(101): Illuminate\\Database\\Eloquent\\Model->save()
#9 C:\\laragon\\www\\aber\\vendor\\laravel\\framework\\src\\Illuminate\\Container\\BoundMethod.php(36): Database\\Seeders\\ProviderSeeder->run()
#10 C:\\laragon\\www\\aber\\vendor\\laravel\\framework\\src\\Illuminate\\Container\\Util.php(43): Illuminate\\Container\\BoundMethod::Illuminate\\Container\\{closure}()
#11 C:\\laragon\\www\\aber\\vendor\\laravel\\framework\\src\\Illuminate\\Container\\BoundMethod.php(96): Illuminate\\Container\\Util::unwrapIfClosure(Object(Closure))
#12 C:\\laragon\\www\\aber\\vendor\\laravel\\framework\\src\\Illuminate\\Container\\BoundMethod.php(35): Illuminate\\Container\\BoundMethod::callBoundMethod(Object(Illuminate\\Foundation\\Application), Array, Object(Closure))
#13 C:\\laragon\\www\\aber\\vendor\\laravel\\framework\\src\\Illuminate\\Container\\Container.php(754): Illuminate\\Container\\BoundMethod::call(Object(Illuminate\\Foundation\\Application), Array, Array, NULL)
#14 C:\\laragon\\www\\aber\\vendor\\laravel\\framework\\src\\Illuminate\\Database\\Seeder.php(188): Illuminate\\Container\\Container->call(Array, Array)
#15 C:\\laragon\\www\\aber\\vendor\\laravel\\framework\\src\\Illuminate\\Database\\Seeder.php(197): Illuminate\\Database\\Seeder->Illuminate\\Database\\{closure}()
#16 C:\\laragon\\www\\aber\\vendor\\laravel\\framework\\src\\Illuminate\\Database\\Seeder.php(61): Illuminate\\Database\\Seeder->__invoke(Array)
#17 C:\\laragon\\www\\aber\\database\\seeders\\DatabaseSeeder.php(23): Illuminate\\Database\\Seeder->call('Database\\\\Seeder...')
#18 C:\\laragon\\www\\aber\\vendor\\laravel\\framework\\src\\Illuminate\\Container\\BoundMethod.php(36): Database\\Seeders\\DatabaseSeeder->run()
#19 C:\\laragon\\www\\aber\\vendor\\laravel\\framework\\src\\Illuminate\\Container\\Util.php(43): Illuminate\\Container\\BoundMethod::Illuminate\\Container\\{closure}()
#20 C:\\laragon\\www\\aber\\vendor\\laravel\\framework\\src\\Illuminate\\Container\\BoundMethod.php(96): Illuminate\\Container\\Util::unwrapIfClosure(Object(Closure))
#21 C:\\laragon\\www\\aber\\vendor\\laravel\\framework\\src\\Illuminate\\Container\\BoundMethod.php(35): Illuminate\\Container\\BoundMethod::callBoundMethod(Object(Illuminate\\Foundation\\Application), Array, Object(Closure))
#22 C:\\laragon\\www\\aber\\vendor\\laravel\\framework\\src\\Illuminate\\Container\\Container.php(754): Illuminate\\Container\\BoundMethod::call(Object(Illuminate\\Foundation\\Application), Array, Array, NULL)
#23 C:\\laragon\\www\\aber\\vendor\\laravel\\framework\\src\\Illuminate\\Database\\Seeder.php(188): Illuminate\\Container\\Container->call(Array, Array)
#24 C:\\laragon\\www\\aber\\vendor\\laravel\\framework\\src\\Illuminate\\Database\\Seeder.php(197): Illuminate\\Database\\Seeder->Illuminate\\Database\\{closure}()
#25 C:\\laragon\\www\\aber\\vendor\\laravel\\framework\\src\\Illuminate\\Database\\Console\\Seeds\\SeedCommand.php(71): Illuminate\\Database\\Seeder->__invoke()
#26 C:\\laragon\\www\\aber\\vendor\\laravel\\framework\\src\\Illuminate\\Database\\Eloquent\\Concerns\\GuardsAttributes.php(155): Illuminate\\Database\\Console\\Seeds\\SeedCommand->Illuminate\\Database\\Console\\Seeds\\{closure}()
#27 C:\\laragon\\www\\aber\\vendor\\laravel\\framework\\src\\Illuminate\\Database\\Console\\Seeds\\SeedCommand.php(70): Illuminate\\Database\\Eloquent\\Model::unguarded(Object(Closure))
#28 C:\\laragon\\www\\aber\\vendor\\laravel\\framework\\src\\Illuminate\\Container\\BoundMethod.php(36): Illuminate\\Database\\Console\\Seeds\\SeedCommand->handle()
#29 C:\\laragon\\www\\aber\\vendor\\laravel\\framework\\src\\Illuminate\\Container\\Util.php(43): Illuminate\\Container\\BoundMethod::Illuminate\\Container\\{closure}()
#30 C:\\laragon\\www\\aber\\vendor\\laravel\\framework\\src\\Illuminate\\Container\\BoundMethod.php(96): Illuminate\\Container\\Util::unwrapIfClosure(Object(Closure))
#31 C:\\laragon\\www\\aber\\vendor\\laravel\\framework\\src\\Illuminate\\Container\\BoundMethod.php(35): Illuminate\\Container\\BoundMethod::callBoundMethod(Object(Illuminate\\Foundation\\Application), Array, Object(Closure))
#32 C:\\laragon\\www\\aber\\vendor\\laravel\\framework\\src\\Illuminate\\Container\\Container.php(754): Illuminate\\Container\\BoundMethod::call(Object(Illuminate\\Foundation\\Application), Array, Array, NULL)
#33 C:\\laragon\\www\\aber\\vendor\\laravel\\framework\\src\\Illuminate\\Console\\Command.php(211): Illuminate\\Container\\Container->call(Array)
#34 C:\\laragon\\www\\aber\\vendor\\symfony\\console\\Command\\Command.php(279): Illuminate\\Console\\Command->execute(Object(Symfony\\Component\\Console\\Input\\ArgvInput), Object(Illuminate\\Console\\OutputStyle))
#35 C:\\laragon\\www\\aber\\vendor\\laravel\\framework\\src\\Illuminate\\Console\\Command.php(180): Symfony\\Component\\Console\\Command\\Command->run(Object(Symfony\\Component\\Console\\Input\\ArgvInput), Object(Illuminate\\Console\\OutputStyle))
#36 C:\\laragon\\www\\aber\\vendor\\symfony\\console\\Application.php(1094): Illuminate\\Console\\Command->run(Object(Symfony\\Component\\Console\\Input\\ArgvInput), Object(Symfony\\Component\\Console\\Output\\ConsoleOutput))
#37 C:\\laragon\\www\\aber\\vendor\\symfony\\console\\Application.php(342): Symfony\\Component\\Console\\Application->doRunCommand(Object(Illuminate\\Database\\Console\\Seeds\\SeedCommand), Object(Symfony\\Component\\Console\\Input\\ArgvInput), Object(Symfony\\Component\\Console\\Output\\ConsoleOutput))
#38 C:\\laragon\\www\\aber\\vendor\\symfony\\console\\Application.php(193): Symfony\\Component\\Console\\Application->doRun(Object(Symfony\\Component\\Console\\Input\\ArgvInput), Object(Symfony\\Component\\Console\\Output\\ConsoleOutput))
#39 C:\\laragon\\www\\aber\\vendor\\laravel\\framework\\src\\Illuminate\\Foundation\\Console\\Kernel.php(197): Symfony\\Component\\Console\\Application->run(Object(Symfony\\Component\\Console\\Input\\ArgvInput), Object(Symfony\\Component\\Console\\Output\\ConsoleOutput))
#40 C:\\laragon\\www\\aber\\vendor\\laravel\\framework\\src\\Illuminate\\Foundation\\Application.php(1234): Illuminate\\Foundation\\Console\\Kernel->handle(Object(Symfony\\Component\\Console\\Input\\ArgvInput), Object(Symfony\\Component\\Console\\Output\\ConsoleOutput))
#41 C:\\laragon\\www\\aber\\artisan(16): Illuminate\\Foundation\\Application->handleCommand(Object(Symfony\\Component\\Console\\Input\\ArgvInput))
#42 {main}

[previous exception] [object] (PDOException(code: 01000): SQLSTATE[01000]: Warning: 1265 Data truncated for column 'type' at row 1 at C:\\laragon\\www\\aber\\vendor\\laravel\\framework\\src\\Illuminate\\Database\\MySqlConnection.php:53)
[stacktrace]
#0 C:\\laragon\\www\\aber\\vendor\\laravel\\framework\\src\\Illuminate\\Database\\MySqlConnection.php(53): PDOStatement->execute()
#1 C:\\laragon\\www\\aber\\vendor\\laravel\\framework\\src\\Illuminate\\Database\\Connection.php(809): Illuminate\\Database\\MySqlConnection->Illuminate\\Database\\{closure}('insert into `pr...', Array)
#2 C:\\laragon\\www\\aber\\vendor\\laravel\\framework\\src\\Illuminate\\Database\\Connection.php(776): Illuminate\\Database\\Connection->runQueryCallback('insert into `pr...', Array, Object(Closure))
#3 C:\\laragon\\www\\aber\\vendor\\laravel\\framework\\src\\Illuminate\\Database\\MySqlConnection.php(42): Illuminate\\Database\\Connection->run('insert into `pr...', Array, Object(Closure))
#4 C:\\laragon\\www\\aber\\vendor\\laravel\\framework\\src\\Illuminate\\Database\\Query\\Processors\\MySqlProcessor.php(35): Illuminate\\Database\\MySqlConnection->insert('insert into `pr...', Array, 'id')
#5 C:\\laragon\\www\\aber\\vendor\\laravel\\framework\\src\\Illuminate\\Database\\Query\\Builder.php(3769): Illuminate\\Database\\Query\\Processors\\MySqlProcessor->processInsertGetId(Object(Illuminate\\Database\\Query\\Builder), 'insert into `pr...', Array, 'id')
#6 C:\\laragon\\www\\aber\\vendor\\laravel\\framework\\src\\Illuminate\\Database\\Eloquent\\Builder.php(2204): Illuminate\\Database\\Query\\Builder->insertGetId(Array, 'id')
#7 C:\\laragon\\www\\aber\\vendor\\laravel\\framework\\src\\Illuminate\\Database\\Eloquent\\Model.php(1361): Illuminate\\Database\\Eloquent\\Builder->__call('insertGetId', Array)
#8 C:\\laragon\\www\\aber\\vendor\\laravel\\framework\\src\\Illuminate\\Database\\Eloquent\\Model.php(1326): Illuminate\\Database\\Eloquent\\Model->insertAndSetId(Object(Illuminate\\Database\\Eloquent\\Builder), Array)
#9 C:\\laragon\\www\\aber\\vendor\\laravel\\framework\\src\\Illuminate\\Database\\Eloquent\\Model.php(1165): Illuminate\\Database\\Eloquent\\Model->performInsert(Object(Illuminate\\Database\\Eloquent\\Builder))
#10 C:\\laragon\\www\\aber\\database\\seeders\\ProviderSeeder.php(101): Illuminate\\Database\\Eloquent\\Model->save()
#11 C:\\laragon\\www\\aber\\vendor\\laravel\\framework\\src\\Illuminate\\Container\\BoundMethod.php(36): Database\\Seeders\\ProviderSeeder->run()
#12 C:\\laragon\\www\\aber\\vendor\\laravel\\framework\\src\\Illuminate\\Container\\Util.php(43): Illuminate\\Container\\BoundMethod::Illuminate\\Container\\{closure}()
#13 C:\\laragon\\www\\aber\\vendor\\laravel\\framework\\src\\Illuminate\\Container\\BoundMethod.php(96): Illuminate\\Container\\Util::unwrapIfClosure(Object(Closure))
#14 C:\\laragon\\www\\aber\\vendor\\laravel\\framework\\src\\Illuminate\\Container\\BoundMethod.php(35): Illuminate\\Container\\BoundMethod::callBoundMethod(Object(Illuminate\\Foundation\\Application), Array, Object(Closure))
#15 C:\\laragon\\www\\aber\\vendor\\laravel\\framework\\src\\Illuminate\\Container\\Container.php(754): Illuminate\\Container\\BoundMethod::call(Object(Illuminate\\Foundation\\Application), Array, Array, NULL)
#16 C:\\laragon\\www\\aber\\vendor\\laravel\\framework\\src\\Illuminate\\Database\\Seeder.php(188): Illuminate\\Container\\Container->call(Array, Array)
#17 C:\\laragon\\www\\aber\\vendor\\laravel\\framework\\src\\Illuminate\\Database\\Seeder.php(197): Illuminate\\Database\\Seeder->Illuminate\\Database\\{closure}()
#18 C:\\laragon\\www\\aber\\vendor\\laravel\\framework\\src\\Illuminate\\Database\\Seeder.php(61): Illuminate\\Database\\Seeder->__invoke(Array)
#19 C:\\laragon\\www\\aber\\database\\seeders\\DatabaseSeeder.php(23): Illuminate\\Database\\Seeder->call('Database\\\\Seeder...')
#20 C:\\laragon\\www\\aber\\vendor\\laravel\\framework\\src\\Illuminate\\Container\\BoundMethod.php(36): Database\\Seeders\\DatabaseSeeder->run()
#21 C:\\laragon\\www\\aber\\vendor\\laravel\\framework\\src\\Illuminate\\Container\\Util.php(43): Illuminate\\Container\\BoundMethod::Illuminate\\Container\\{closure}()
#22 C:\\laragon\\www\\aber\\vendor\\laravel\\framework\\src\\Illuminate\\Container\\BoundMethod.php(96): Illuminate\\Container\\Util::unwrapIfClosure(Object(Closure))
#23 C:\\laragon\\www\\aber\\vendor\\laravel\\framework\\src\\Illuminate\\Container\\BoundMethod.php(35): Illuminate\\Container\\BoundMethod::callBoundMethod(Object(Illuminate\\Foundation\\Application), Array, Object(Closure))
#24 C:\\laragon\\www\\aber\\vendor\\laravel\\framework\\src\\Illuminate\\Container\\Container.php(754): Illuminate\\Container\\BoundMethod::call(Object(Illuminate\\Foundation\\Application), Array, Array, NULL)
#25 C:\\laragon\\www\\aber\\vendor\\laravel\\framework\\src\\Illuminate\\Database\\Seeder.php(188): Illuminate\\Container\\Container->call(Array, Array)
#26 C:\\laragon\\www\\aber\\vendor\\laravel\\framework\\src\\Illuminate\\Database\\Seeder.php(197): Illuminate\\Database\\Seeder->Illuminate\\Database\\{closure}()
#27 C:\\laragon\\www\\aber\\vendor\\laravel\\framework\\src\\Illuminate\\Database\\Console\\Seeds\\SeedCommand.php(71): Illuminate\\Database\\Seeder->__invoke()
#28 C:\\laragon\\www\\aber\\vendor\\laravel\\framework\\src\\Illuminate\\Database\\Eloquent\\Concerns\\GuardsAttributes.php(155): Illuminate\\Database\\Console\\Seeds\\SeedCommand->Illuminate\\Database\\Console\\Seeds\\{closure}()
#29 C:\\laragon\\www\\aber\\vendor\\laravel\\framework\\src\\Illuminate\\Database\\Console\\Seeds\\SeedCommand.php(70): Illuminate\\Database\\Eloquent\\Model::unguarded(Object(Closure))
#30 C:\\laragon\\www\\aber\\vendor\\laravel\\framework\\src\\Illuminate\\Container\\BoundMethod.php(36): Illuminate\\Database\\Console\\Seeds\\SeedCommand->handle()
#31 C:\\laragon\\www\\aber\\vendor\\laravel\\framework\\src\\Illuminate\\Container\\Util.php(43): Illuminate\\Container\\BoundMethod::Illuminate\\Container\\{closure}()
#32 C:\\laragon\\www\\aber\\vendor\\laravel\\framework\\src\\Illuminate\\Container\\BoundMethod.php(96): Illuminate\\Container\\Util::unwrapIfClosure(Object(Closure))
#33 C:\\laragon\\www\\aber\\vendor\\laravel\\framework\\src\\Illuminate\\Container\\BoundMethod.php(35): Illuminate\\Container\\BoundMethod::callBoundMethod(Object(Illuminate\\Foundation\\Application), Array, Object(Closure))
#34 C:\\laragon\\www\\aber\\vendor\\laravel\\framework\\src\\Illuminate\\Container\\Container.php(754): Illuminate\\Container\\BoundMethod::call(Object(Illuminate\\Foundation\\Application), Array, Array, NULL)
#35 C:\\laragon\\www\\aber\\vendor\\laravel\\framework\\src\\Illuminate\\Console\\Command.php(211): Illuminate\\Container\\Container->call(Array)
#36 C:\\laragon\\www\\aber\\vendor\\symfony\\console\\Command\\Command.php(279): Illuminate\\Console\\Command->execute(Object(Symfony\\Component\\Console\\Input\\ArgvInput), Object(Illuminate\\Console\\OutputStyle))
#37 C:\\laragon\\www\\aber\\vendor\\laravel\\framework\\src\\Illuminate\\Console\\Command.php(180): Symfony\\Component\\Console\\Command\\Command->run(Object(Symfony\\Component\\Console\\Input\\ArgvInput), Object(Illuminate\\Console\\OutputStyle))
#38 C:\\laragon\\www\\aber\\vendor\\symfony\\console\\Application.php(1094): Illuminate\\Console\\Command->run(Object(Symfony\\Component\\Console\\Input\\ArgvInput), Object(Symfony\\Component\\Console\\Output\\ConsoleOutput))
#39 C:\\laragon\\www\\aber\\vendor\\symfony\\console\\Application.php(342): Symfony\\Component\\Console\\Application->doRunCommand(Object(Illuminate\\Database\\Console\\Seeds\\SeedCommand), Object(Symfony\\Component\\Console\\Input\\ArgvInput), Object(Symfony\\Component\\Console\\Output\\ConsoleOutput))
#40 C:\\laragon\\www\\aber\\vendor\\symfony\\console\\Application.php(193): Symfony\\Component\\Console\\Application->doRun(Object(Symfony\\Component\\Console\\Input\\ArgvInput), Object(Symfony\\Component\\Console\\Output\\ConsoleOutput))
#41 C:\\laragon\\www\\aber\\vendor\\laravel\\framework\\src\\Illuminate\\Foundation\\Console\\Kernel.php(197): Symfony\\Component\\Console\\Application->run(Object(Symfony\\Component\\Console\\Input\\ArgvInput), Object(Symfony\\Component\\Console\\Output\\ConsoleOutput))
#42 C:\\laragon\\www\\aber\\vendor\\laravel\\framework\\src\\Illuminate\\Foundation\\Application.php(1234): Illuminate\\Foundation\\Console\\Kernel->handle(Object(Symfony\\Component\\Console\\Input\\ArgvInput), Object(Symfony\\Component\\Console\\Output\\ConsoleOutput))
#43 C:\\laragon\\www\\aber\\artisan(16): Illuminate\\Foundation\\Application->handleCommand(Object(Symfony\\Component\\Console\\Input\\ArgvInput))
#44 {main}
"} 
[2026-09-11 21:36:43] testing.INFO: Al Rajhi payment initiation request {"service":"alrajhi","timestamp":"2026-09-11T21:36:43+00:00","correlation_id":"order_42","internal_order_id":42,"track_id":"42_1789162603","amount":"150.50","currency":"682"} 
[2026-09-11 21:36:43] testing.INFO: Al Rajhi hosted page URL generated {"service":"alrajhi","timestamp":"2026-09-11T21:36:43+00:00","correlation_id":"order_42","internal_order_id":42,"payment_id":"100200300"} 
[2026-09-11 21:36:43] testing.INFO: Al Rajhi payment initiation request {"service":"alrajhi","timestamp":"2026-09-11T21:36:43+00:00","correlation_id":"order_7","internal_order_id":7,"track_id":"7_1789162603","amount":"10.00","currency":"682"} 
[2026-09-11 21:36:43] testing.ERROR: Al Rajhi payment initiation failed {"service":"alrajhi","timestamp":"2026-09-11T21:36:43+00:00","correlation_id":"order_7","internal_order_id":7,"status_code":200,"error_text":"Invalid Transportal ID"} 
[2026-09-11 21:36:43] testing.INFO: Al Rajhi callback received {"service":"alrajhi","timestamp":"2026-09-11T21:36:43+00:00","correlation_id":"order_55","internal_order_id":55,"result":"CAPTURED","payment_id":"PAY-1","transaction_id":"TRX-1"} 
[2026-09-11 21:36:43] testing.INFO: Al Rajhi callback received {"service":"alrajhi","timestamp":"2026-09-11T21:36:43+00:00","correlation_id":"order_56","internal_order_id":56,"result":"NOT CAPTURED"} 
[2026-09-11 21:36:43] testing.ERROR: Al Rajhi callback payload could not be decoded {"service":"alrajhi","timestamp":"2026-09-11T21:36:43+00:00","correlation_id":"pay_17b11439-b07e-42a0-9fe4-40fc9b65ad30","ip":"127.0.0.1","has_trandata":true} 
[2026-09-11 21:36:43] testing.ERROR: Al Rajhi callback payload could not be decoded {"service":"alrajhi","timestamp":"2026-09-11T21:36:43+00:00","correlation_id":"pay_0f39312b-d3fd-419c-8906-69d916cc75fe","ip":"127.0.0.1"} 
[2026-09-11 21:36:43] testing.ERROR: Al Rajhi callback: order not found {"service":"alrajhi","timestamp":"2026-09-11T21:36:43+00:00","correlation_id":"pay_3f4373e7-8c16-42f1-b3da-1c122b07e672","track_id":"999_1","result":"CAPTURED"} 
[2026-09-11 21:36:44] testing.INFO: Al Rajhi payment initiation request {"service":"alrajhi","timestamp":"2026-09-11T21:36:44+00:00","correlation_id":"order_1","internal_order_id":1,"track_id":"1_1789162604","amount":"50.00","currency":"682"} 
[2026-09-11 21:36:44] testing.INFO: Al Rajhi hosted page URL generated {"service":"alrajhi","timestamp":"2026-09-11T21:36:44+00:00","correlation_id":"order_1","internal_order_id":1,"payment_id":"100200300"} 
[2026-09-11 21:36:44] testing.INFO: Al Rajhi payment initiation request {"service":"alrajhi","timestamp":"2026-09-11T21:36:44+00:00","correlation_id":"order_1","internal_order_id":1,"track_id":"1_1789162604","amount":"25.00","currency":"682"} 
[2026-09-11 21:36:44] testing.INFO: Al Rajhi hosted page URL generated {"service":"alrajhi","timestamp":"2026-09-11T21:36:44+00:00","correlation_id":"order_1","internal_order_id":1,"payment_id":"100200300"} 
[2026-09-11 21:36:44] testing.INFO: Al Rajhi payment initiation request {"service":"alrajhi","timestamp":"2026-09-11T21:36:44+00:00","correlation_id":"order_1","internal_order_id":1,"track_id":"1_1789162604","amount":"25.00","currency":"682"} 
[2026-09-11 21:36:44] testing.INFO: Al Rajhi hosted page URL generated {"service":"alrajhi","timestamp":"2026-09-11T21:36:44+00:00","correlation_id":"order_1","internal_order_id":1,"payment_id":"100200300"} 
[2026-09-11 21:36:44] testing.INFO: Al Rajhi payment initiation request {"service":"alrajhi","timestamp":"2026-09-11T21:36:44+00:00","correlation_id":"order_1","internal_order_id":1,"track_id":"1_1789162604","amount":"25.00","currency":"682"} 
[2026-09-11 21:36:44] testing.INFO: Al Rajhi hosted page URL generated {"service":"alrajhi","timestamp":"2026-09-11T21:36:44+00:00","correlation_id":"order_1","internal_order_id":1,"payment_id":"100200300"} 
[2026-09-11 21:36:44] testing.INFO: Al Rajhi callback received {"service":"alrajhi","timestamp":"2026-09-11T21:36:44+00:00","correlation_id":"order_1","internal_order_id":1,"result":"CAPTURED","payment_id":"PAY-1","transaction_id":"TRX-1"} 
[2026-09-11 21:36:44] testing.INFO: Payment status updated to paid - order released to provider {"service":"alrajhi","timestamp":"2026-09-11T21:36:44+00:00","correlation_id":"order_1","internal_order_id":1,"provider_id":1,"status":"pending","transaction_id":"TRX-1","payment_reference":"PAY-1"} 
[2026-09-11 21:36:44] testing.INFO: Al Rajhi callback received {"service":"alrajhi","timestamp":"2026-09-11T21:36:44+00:00","correlation_id":"order_1","internal_order_id":1,"result":"CAPTURED","payment_id":"PAY-1","transaction_id":"TRX-1"} 
[2026-09-11 21:36:44] testing.INFO: Order already paid - callback ignored {"service":"alrajhi","timestamp":"2026-09-11T21:36:44+00:00","correlation_id":"order_1","internal_order_id":1} 
[2026-09-11 21:36:44] testing.INFO: Al Rajhi payment initiation request {"service":"alrajhi","timestamp":"2026-09-11T21:36:44+00:00","correlation_id":"order_1","internal_order_id":1,"track_id":"1_1789162604","amount":"25.00","currency":"682"} 
[2026-09-11 21:36:44] testing.INFO: Al Rajhi hosted page URL generated {"service":"alrajhi","timestamp":"2026-09-11T21:36:44+00:00","correlation_id":"order_1","internal_order_id":1,"payment_id":"100200300"} 
[2026-09-11 21:36:44] testing.INFO: Payment status updated to paid - order released to provider {"service":"alrajhi","timestamp":"2026-09-11T21:36:44+00:00","correlation_id":"order_1","internal_order_id":1,"provider_id":1,"status":"pending","transaction_id":"TRX-2","payment_reference":"PAY-2"} 
[2026-09-11 21:36:44] testing.INFO: Provider notified of paid order {"service":"alrajhi","timestamp":"2026-09-11T21:36:44+00:00","correlation_id":"order_1","internal_order_id":1,"provider_id":1} 
[2026-09-11 21:36:44] testing.INFO: Al Rajhi payment initiation request {"service":"alrajhi","timestamp":"2026-09-11T21:36:44+00:00","correlation_id":"order_1","internal_order_id":1,"track_id":"1_1789162604","amount":"25.00","currency":"682"} 
[2026-09-11 21:36:44] testing.INFO: Al Rajhi hosted page URL generated {"service":"alrajhi","timestamp":"2026-09-11T21:36:44+00:00","correlation_id":"order_1","internal_order_id":1,"payment_id":"100200300"} 
[2026-09-11 21:36:44] testing.INFO: Payment status updated to paid - order released to provider {"service":"alrajhi","timestamp":"2026-09-11T21:36:44+00:00","correlation_id":"order_1","internal_order_id":1,"provider_id":1,"status":"pending","transaction_id":"TRX-3","payment_reference":"100200300"} 
[2026-09-11 21:36:44] testing.INFO: Provider notified of paid order {"service":"alrajhi","timestamp":"2026-09-11T21:36:44+00:00","correlation_id":"order_1","internal_order_id":1,"provider_id":1} 
[2026-09-11 21:36:44] testing.INFO: Provider notified of paid order {"service":"alrajhi","timestamp":"2026-09-11T21:36:44+00:00","correlation_id":"order_1","internal_order_id":1,"provider_id":1} 
[2026-09-11 21:36:44] testing.INFO: Provider notified of paid order {"service":"alrajhi","timestamp":"2026-09-11T21:36:44+00:00","correlation_id":"order_1","internal_order_id":1,"provider_id":1} 
[2026-09-11 21:36:44] testing.INFO: Al Rajhi payment initiation request {"service":"alrajhi","timestamp":"2026-09-11T21:36:44+00:00","correlation_id":"order_1","internal_order_id":1,"track_id":"1_1789162604","amount":"25.00","currency":"682"} 
[2026-09-11 21:36:44] testing.INFO: Al Rajhi hosted page URL generated {"service":"alrajhi","timestamp":"2026-09-11T21:36:44+00:00","correlation_id":"order_1","internal_order_id":1,"payment_id":"100200300"} 
[2026-09-11 21:36:45] testing.INFO: Al Rajhi payment initiation request {"service":"alrajhi","timestamp":"2026-09-11T21:36:45+00:00","correlation_id":"order_1","internal_order_id":1,"track_id":"1_1789162605","amount":"25.00","currency":"682"} 
[2026-09-11 21:36:45] testing.INFO: Al Rajhi hosted page URL generated {"service":"alrajhi","timestamp":"2026-09-11T21:36:45+00:00","correlation_id":"order_1","internal_order_id":1,"payment_id":"100200300"} 
[2026-09-11 21:36:45] testing.INFO: Al Rajhi callback received {"service":"alrajhi","timestamp":"2026-09-11T21:36:45+00:00","correlation_id":"order_1","internal_order_id":1,"result":"NOT CAPTURED"} 
[2026-09-11 21:36:45] testing.INFO: Payment status updated to failed - order remains hidden from provider {"service":"alrajhi","timestamp":"2026-09-11T21:36:45+00:00","correlation_id":"order_1","internal_order_id":1,"result":"NOT CAPTURED"} 
[2026-09-11 21:36:45] testing.ERROR: Al Rajhi error URL hit {"service":"alrajhi","timestamp":"2026-09-11T21:36:45+00:00","correlation_id":"order_1","internal_order_id":1,"track_id":"1_1700000000","error_text":"Transaction cancelled by user"} 
[2026-09-11 21:36:45] testing.INFO: Payment status updated to failed - order remains hidden from provider {"service":"alrajhi","timestamp":"2026-09-11T21:36:45+00:00","correlation_id":"order_1","internal_order_id":1,"result":"ERROR","error_text":"Transaction cancelled by user"} 
[2026-09-11 21:36:45] testing.INFO: Al Rajhi payment initiation request {"service":"alrajhi","timestamp":"2026-09-11T21:36:45+00:00","correlation_id":"order_1","internal_order_id":1,"track_id":"1_1789162605","amount":"25.00","currency":"682"} 
[2026-09-11 21:36:45] testing.INFO: Al Rajhi hosted page URL generated {"service":"alrajhi","timestamp":"2026-09-11T21:36:45+00:00","correlation_id":"order_1","internal_order_id":1,"payment_id":"100200300"} 
[2026-09-11 21:36:45] testing.INFO: Al Rajhi payment initiation request {"service":"alrajhi","timestamp":"2026-09-11T21:36:45+00:00","correlation_id":"order_1","internal_order_id":1,"track_id":"1_1789162605","amount":"25.00","currency":"682"} 
[2026-09-11 21:36:45] testing.INFO: Al Rajhi hosted page URL generated {"service":"alrajhi","timestamp":"2026-09-11T21:36:45+00:00","correlation_id":"order_1","internal_order_id":1,"payment_id":"100200300"} 
[2026-09-11 21:36:45] testing.INFO: Payment status updated to paid - order released to provider {"service":"alrajhi","timestamp":"2026-09-11T21:36:45+00:00","correlation_id":"order_1","internal_order_id":1,"provider_id":1,"status":"pending","transaction_id":"TRX-4","payment_reference":"100200300"} 
[2026-09-11 21:36:45] testing.INFO: Provider notified of paid order {"service":"alrajhi","timestamp":"2026-09-11T21:36:45+00:00","correlation_id":"order_1","internal_order_id":1,"provider_id":1} 
[2026-09-11 21:36:45] testing.INFO: Al Rajhi callback received {"service":"alrajhi","timestamp":"2026-09-11T21:36:45+00:00","correlation_id":"order_1","internal_order_id":1,"result":"NOT CAPTURED"} 
[2026-09-11 21:36:47] local.ERROR: SQLSTATE[42S22]: Column not found: 1054 Unknown column 'user_type' in 'field list' (Connection: mysql, SQL: insert into `otps` (`phone`, `code`, `verified`, `expires_at`, `user_type`, `updated_at`, `created_at`) values (514755897, 4994, 0, 2026-09-11 21:46:47, client, 2026-09-11 21:36:47, 2026-09-11 21:36:47)) {"exception":"[object] (Illuminate\\Database\\QueryException(code: 42S22): SQLSTATE[42S22]: Column not found: 1054 Unknown column 'user_type' in 'field list' (Connection: mysql, SQL: insert into `otps` (`phone`, `code`, `verified`, `expires_at`, `user_type`, `updated_at`, `created_at`) values (514755897, 4994, 0, 2026-09-11 21:46:47, client, 2026-09-11 21:36:47, 2026-09-11 21:36:47)) at C:\\laragon\\www\\aber\\vendor\\laravel\\framework\\src\\Illuminate\\Database\\Connection.php:822)
[stacktrace]
#0 C:\\laragon\\www\\aber\\vendor\\laravel\\framework\\src\\Illuminate\\Database\\Connection.php(776): Illuminate\\Database\\Connection->runQueryCallback('insert into `ot...', Array, Object(Closure))
#1 C:\\laragon\\www\\aber\\vendor\\laravel\\framework\\src\\Illuminate\\Database\\MySqlConnection.php(42): Illuminate\\Database\\Connection->run('insert into `ot...', Array, Object(Closure))
#2 C:\\laragon\\www\\aber\\vendor\\laravel\\framework\\src\\Illuminate\\Database\\Query\\Processors\\MySqlProcessor.php(35): Illuminate\\Database\\MySqlConnection->insert('insert into `ot...', Array, 'id')
#3 C:\\laragon\\www\\aber\\vendor\\laravel\\framework\\src\\Illuminate\\Database\\Query\\Builder.php(3769): Illuminate\\Database\\Query\\Processors\\MySqlProcessor->processInsertGetId(Object(Illuminate\\Database\\Query\\Builder), 'insert into `ot...', Array, 'id')
#4 C:\\laragon\\www\\aber\\vendor\\laravel\\framework\\src\\Illuminate\\Database\\Eloquent\\Builder.php(2204): Illuminate\\Database\\Query\\Builder->insertGetId(Array, 'id')
#5 C:\\laragon\\www\\aber\\vendor\\laravel\\framework\\src\\Illuminate\\Database\\Eloquent\\Model.php(1361): Illuminate\\Database\\Eloquent\\Builder->__call('insertGetId', Array)
#6 C:\\laragon\\www\\aber\\vendor\\laravel\\framework\\src\\Illuminate\\Database\\Eloquent\\Model.php(1326): Illuminate\\Database\\Eloquent\\Model->insertAndSetId(Object(Illuminate\\Database\\Eloquent\\Builder), Array)
#7 C:\\laragon\\www\\aber\\vendor\\laravel\\framework\\src\\Illuminate\\Database\\Eloquent\\Model.php(1165): Illuminate\\Database\\Eloquent\\Model->performInsert(Object(Illuminate\\Database\\Eloquent\\Builder))
#8 C:\\laragon\\www\\aber\\vendor\\laravel\\framework\\src\\Illuminate\\Database\\Eloquent\\Builder.php(1188): Illuminate\\Database\\Eloquent\\Model->save()
#9 C:\\laragon\\www\\aber\\vendor\\laravel\\framework\\src\\Illuminate\\Support\\helpers.php(399): Illuminate\\Database\\Eloquent\\Builder->Illuminate\\Database\\Eloquent\\{closure}(Object(App\\Models\\Otp))
#10 C:\\laragon\\www\\aber\\vendor\\laravel\\framework\\src\\Illuminate\\Database\\Eloquent\\Builder.php(1187): tap(Object(App\\Models\\Otp), Object(Closure))
#11 C:\\laragon\\www\\aber\\vendor\\laravel\\framework\\src\\Illuminate\\Database\\Eloquent\\Builder.php(694): Illuminate\\Database\\Eloquent\\Builder->create(Array)
#12 C:\\laragon\\www\\aber\\vendor\\laravel\\framework\\src\\Illuminate\\Database\\Eloquent\\Builder.php(1928): Illuminate\\Database\\Eloquent\\Builder->Illuminate\\Database\\Eloquent\\{closure}()
#13 C:\\laragon\\www\\aber\\vendor\\laravel\\framework\\src\\Illuminate\\Database\\Eloquent\\Builder.php(694): Illuminate\\Database\\Eloquent\\Builder->withSavepointIfNeeded(Object(Closure))
#14 C:\\laragon\\www\\aber\\vendor\\laravel\\framework\\src\\Illuminate\\Database\\Eloquent\\Builder.php(681): Illuminate\\Database\\Eloquent\\Builder->createOrFirst(Array, Array)
#15 C:\\laragon\\www\\aber\\vendor\\laravel\\framework\\src\\Illuminate\\Database\\Eloquent\\Builder.php(709): Illuminate\\Database\\Eloquent\\Builder->firstOrCreate(Array, Array)
#16 C:\\laragon\\www\\aber\\vendor\\laravel\\framework\\src\\Illuminate\\Support\\Traits\\ForwardsCalls.php(23): Illuminate\\Database\\Eloquent\\Builder->updateOrCreate(Array, Array)
#17 C:\\laragon\\www\\aber\\vendor\\laravel\\framework\\src\\Illuminate\\Database\\Eloquent\\Model.php(2392): Illuminate\\Database\\Eloquent\\Model->forwardCallTo(Object(Illuminate\\Database\\Eloquent\\Builder), 'updateOrCreate', Array)
#18 C:\\laragon\\www\\aber\\vendor\\laravel\\framework\\src\\Illuminate\\Database\\Eloquent\\Model.php(2408): Illuminate\\Database\\Eloquent\\Model->__call('updateOrCreate', Array)
#19 C:\\laragon\\www\\aber\\app\\Http\\Controllers\\Api\\AuthController.php(56): Illuminate\\Database\\Eloquent\\Model::__callStatic('updateOrCreate', Array)
#20 C:\\laragon\\www\\aber\\vendor\\laravel\\framework\\src\\Illuminate\\Routing\\Controller.php(54): App\\Http\\Controllers\\Api\\AuthController->sendOtp(Object(Illuminate\\Http\\Request))
#21 C:\\laragon\\www\\aber\\vendor\\laravel\\framework\\src\\Illuminate\\Routing\\ControllerDispatcher.php(43): Illuminate\\Routing\\Controller->callAction('sendOtp', Array)
#22 C:\\laragon\\www\\aber\\vendor\\laravel\\framework\\src\\Illuminate\\Routing\\Route.php(265): Illuminate\\Routing\\ControllerDispatcher->dispatch(Object(Illuminate\\Routing\\Route), Object(App\\Http\\Controllers\\Api\\AuthController), 'sendOtp')
#23 C:\\laragon\\www\\aber\\vendor\\laravel\\framework\\src\\Illuminate\\Routing\\Route.php(211): Illuminate\\Routing\\Route->runController()
#24 C:\\laragon\\www\\aber\\vendor\\laravel\\framework\\src\\Illuminate\\Routing\\Router.php(808): Illuminate\\Routing\\Route->run()
#25 C:\\laragon\\www\\aber\\vendor\\laravel\\framework\\src\\Illuminate\\Pipeline\\Pipeline.php(169): Illuminate\\Routing\\Router->Illuminate\\Routing\\{closure}(Object(Illuminate\\Http\\Request))
#26 C:\\laragon\\www\\aber\\vendor\\laravel\\framework\\src\\Illuminate\\Routing\\Middleware\\SubstituteBindings.php(50): Illuminate\\Pipeline\\Pipeline->Illuminate\\Pipeline\\{closure}(Object(Illuminate\\Http\\Request))
#27 C:\\laragon\\www\\aber\\vendor\\laravel\\framework\\src\\Illuminate\\Pipeline\\Pipeline.php(208): Illuminate\\Routing\\Middleware\\SubstituteBindings->handle(Object(Illuminate\\Http\\Request), Object(Closure))
#28 C:\\laragon\\www\\aber\\vendor\\laravel\\framework\\src\\Illuminate\\Pipeline\\Pipeline.php(126): Illuminate\\Pipeline\\Pipeline->Illuminate\\Pipeline\\{closure}(Object(Illuminate\\Http\\Request))
#29 C:\\laragon\\www\\aber\\vendor\\laravel\\framework\\src\\Illuminate\\Routing\\Router.php(807): Illuminate\\Pipeline\\Pipeline->then(Object(Closure))
#30 C:\\laragon\\www\\aber\\vendor\\laravel\\framework\\src\\Illuminate\\Routing\\Router.php(786): Illuminate\\Routing\\Router->runRouteWithinStack(Object(Illuminate\\Routing\\Route), Object(Illuminate\\Http\\Request))
#31 C:\\laragon\\www\\aber\\vendor\\laravel\\framework\\src\\Illuminate\\Routing\\Router.php(750): Illuminate\\Routing\\Router->runRoute(Object(Illuminate\\Http\\Request), Object(Illuminate\\Routing\\Route))
#32 C:\\laragon\\www\\aber\\vendor\\laravel\\framework\\src\\Illuminate\\Routing\\Router.php(739): Illuminate\\Routing\\Router->dispatchToRoute(Object(Illuminate\\Http\\Request))
#33 C:\\laragon\\www\\aber\\vendor\\laravel\\framework\\src\\Illuminate\\Foundation\\Http\\Kernel.php(200): Illuminate\\Routing\\Router->dispatch(Object(Illuminate\\Http\\Request))
#34 C:\\laragon\\www\\aber\\vendor\\laravel\\framework\\src\\Illuminate\\Pipeline\\Pipeline.php(169): Illuminate\\Foundation\\Http\\Kernel->Illuminate\\Foundation\\Http\\{closure}(Object(Illuminate\\Http\\Request))
#35 C:\\laragon\\www\\aber\\vendor\\laravel\\framework\\src\\Illuminate\\Foundation\\Http\\Middleware\\TransformsRequest.php(21): Illuminate\\Pipeline\\Pipeline->Illuminate\\Pipeline\\{closure}(Object(Illuminate\\Http\\Request))
#36 C:\\laragon\\www\\aber\\vendor\\laravel\\framework\\src\\Illuminate\\Foundation\\Http\\Middleware\\ConvertEmptyStringsToNull.php(31): Illuminate\\Foundation\\Http\\Middleware\\TransformsRequest->handle(Object(Illuminate\\Http\\Request), Object(Closure))
#37 C:\\laragon\\www\\aber\\vendor\\laravel\\framework\\src\\Illuminate\\Pipeline\\Pipeline.php(208): Illuminate\\Foundation\\Http\\Middleware\\ConvertEmptyStringsToNull->handle(Object(Illuminate\\Http\\Request), Object(Closure))
#38 C:\\laragon\\www\\aber\\vendor\\laravel\\framework\\src\\Illuminate\\Foundation\\Http\\Middleware\\TransformsRequest.php(21): Illuminate\\Pipeline\\Pipeline->Illuminate\\Pipeline\\{closure}(Object(Illuminate\\Http\\Request))
#39 C:\\laragon\\www\\aber\\vendor\\laravel\\framework\\src\\Illuminate\\Foundation\\Http\\Middleware\\TrimStrings.php(51): Illuminate\\Foundation\\Http\\Middleware\\TransformsRequest->handle(Object(Illuminate\\Http\\Request), Object(Closure))
#40 C:\\laragon\\www\\aber\\vendor\\laravel\\framework\\src\\Illuminate\\Pipeline\\Pipeline.php(208): Illuminate\\Foundation\\Http\\Middleware\\TrimStrings->handle(Object(Illuminate\\Http\\Request), Object(Closure))
#41 C:\\laragon\\www\\aber\\vendor\\laravel\\framework\\src\\Illuminate\\Http\\Middleware\\ValidatePostSize.php(27): Illuminate\\Pipeline\\Pipeline->Illuminate\\Pipeline\\{closure}(Object(Illuminate\\Http\\Request))
#42 C:\\laragon\\www\\aber\\vendor\\laravel\\framework\\src\\Illuminate\\Pipeline\\Pipeline.php(208): Illuminate\\Http\\Middleware\\ValidatePostSize->handle(Object(Illuminate\\Http\\Request), Object(Closure))
#43 C:\\laragon\\www\\aber\\vendor\\laravel\\framework\\src\\Illuminate\\Foundation\\Http\\Middleware\\PreventRequestsDuringMaintenance.php(109): Illuminate\\Pipeline\\Pipeline->Illuminate\\Pipeline\\{closure}(Object(Illuminate\\Http\\Request))
#44 C:\\laragon\\www\\aber\\vendor\\laravel\\framework\\src\\Illuminate\\Pipeline\\Pipeline.php(208): Illuminate\\Foundation\\Http\\Middleware\\PreventRequestsDuringMaintenance->handle(Object(Illuminate\\Http\\Request), Object(Closure))
#45 C:\\laragon\\www\\aber\\vendor\\laravel\\framework\\src\\Illuminate\\Http\\Middleware\\HandleCors.php(61): Illuminate\\Pipeline\\Pipeline->Illuminate\\Pipeline\\{closure}(Object(Illuminate\\Http\\Request))
#46 C:\\laragon\\www\\aber\\vendor\\laravel\\framework\\src\\Illuminate\\Pipeline\\Pipeline.php(208): Illuminate\\Http\\Middleware\\HandleCors->handle(Object(Illuminate\\Http\\Request), Object(Closure))
#47 C:\\laragon\\www\\aber\\vendor\\laravel\\framework\\src\\Illuminate\\Http\\Middleware\\TrustProxies.php(58): Illuminate\\Pipeline\\Pipeline->Illuminate\\Pipeline\\{closure}(Object(Illuminate\\Http\\Request))
#48 C:\\laragon\\www\\aber\\vendor\\laravel\\framework\\src\\Illuminate\\Pipeline\\Pipeline.php(208): Illuminate\\Http\\Middleware\\TrustProxies->handle(Object(Illuminate\\Http\\Request), Object(Closure))
#49 C:\\laragon\\www\\aber\\vendor\\laravel\\framework\\src\\Illuminate\\Foundation\\Http\\Middleware\\InvokeDeferredCallbacks.php(22): Illuminate\\Pipeline\\Pipeline->Illuminate\\Pipeline\\{closure}(Object(Illuminate\\Http\\Request))
#50 C:\\laragon\\www\\aber\\vendor\\laravel\\framework\\src\\Illuminate\\Pipeline\\Pipeline.php(208): Illuminate\\Foundation\\Http\\Middleware\\InvokeDeferredCallbacks->handle(Object(Illuminate\\Http\\Request), Object(Closure))
#51 C:\\laragon\\www\\aber\\vendor\\laravel\\framework\\src\\Illuminate\\Http\\Middleware\\ValidatePathEncoding.php(26): Illuminate\\Pipeline\\Pipeline->Illuminate\\Pipeline\\{closure}(Object(Illuminate\\Http\\Request))
#52 C:\\laragon\\www\\aber\\vendor\\laravel\\framework\\src\\Illuminate\\Pipeline\\Pipeline.php(208): Illuminate\\Http\\Middleware\\ValidatePathEncoding->handle(Object(Illuminate\\Http\\Request), Object(Closure))
#53 C:\\laragon\\www\\aber\\vendor\\laravel\\framework\\src\\Illuminate\\Pipeline\\Pipeline.php(126): Illuminate\\Pipeline\\Pipeline->Illuminate\\Pipeline\\{closure}(Object(Illuminate\\Http\\Request))
#54 C:\\laragon\\www\\aber\\vendor\\laravel\\framework\\src\\Illuminate\\Foundation\\Http\\Kernel.php(175): Illuminate\\Pipeline\\Pipeline->then(Object(Closure))
#55 C:\\laragon\\www\\aber\\vendor\\laravel\\framework\\src\\Illuminate\\Foundation\\Http\\Kernel.php(144): Illuminate\\Foundation\\Http\\Kernel->sendRequestThroughRouter(Object(Illuminate\\Http\\Request))
#56 C:\\laragon\\www\\aber\\vendor\\laravel\\framework\\src\\Illuminate\\Foundation\\Application.php(1219): Illuminate\\Foundation\\Http\\Kernel->handle(Object(Illuminate\\Http\\Request))
#57 C:\\laragon\\www\\aber\\public\\index.php(20): Illuminate\\Foundation\\Application->handleRequest(Object(Illuminate\\Http\\Request))
#58 C:\\laragon\\www\\aber\\server.php(21): require_once('C:\\\\laragon\\\\www\\\\...')
#59 {main}

[previous exception] [object] (PDOException(code: 42S22): SQLSTATE[42S22]: Column not found: 1054 Unknown column 'user_type' in 'field list' at C:\\laragon\\www\\aber\\vendor\\laravel\\framework\\src\\Illuminate\\Database\\MySqlConnection.php:47)
[stacktrace]
#0 C:\\laragon\\www\\aber\\vendor\\laravel\\framework\\src\\Illuminate\\Database\\MySqlConnection.php(47): PDO->prepare('insert into `ot...')
#1 C:\\laragon\\www\\aber\\vendor\\laravel\\framework\\src\\Illuminate\\Database\\Connection.php(809): Illuminate\\Database\\MySqlConnection->Illuminate\\Database\\{closure}('insert into `ot...', Array)
#2 C:\\laragon\\www\\aber\\vendor\\laravel\\framework\\src\\Illuminate\\Database\\Connection.php(776): Illuminate\\Database\\Connection->runQueryCallback('insert into `ot...', Array, Object(Closure))
#3 C:\\laragon\\www\\aber\\vendor\\laravel\\framework\\src\\Illuminate\\Database\\MySqlConnection.php(42): Illuminate\\Database\\Connection->run('insert into `ot...', Array, Object(Closure))
#4 C:\\laragon\\www\\aber\\vendor\\laravel\\framework\\src\\Illuminate\\Database\\Query\\Processors\\MySqlProcessor.php(35): Illuminate\\Database\\MySqlConnection->insert('insert into `ot...', Array, 'id')
#5 C:\\laragon\\www\\aber\\vendor\\laravel\\framework\\src\\Illuminate\\Database\\Query\\Builder.php(3769): Illuminate\\Database\\Query\\Processors\\MySqlProcessor->processInsertGetId(Object(Illuminate\\Database\\Query\\Builder), 'insert into `ot...', Array, 'id')
#6 C:\\laragon\\www\\aber\\vendor\\laravel\\framework\\src\\Illuminate\\Database\\Eloquent\\Builder.php(2204): Illuminate\\Database\\Query\\Builder->insertGetId(Array, 'id')
#7 C:\\laragon\\www\\aber\\vendor\\laravel\\framework\\src\\Illuminate\\Database\\Eloquent\\Model.php(1361): Illuminate\\Database\\Eloquent\\Builder->__call('insertGetId', Array)
#8 C:\\laragon\\www\\aber\\vendor\\laravel\\framework\\src\\Illuminate\\Database\\Eloquent\\Model.php(1326): Illuminate\\Database\\Eloquent\\Model->insertAndSetId(Object(Illuminate\\Database\\Eloquent\\Builder), Array)
#9 C:\\laragon\\www\\aber\\vendor\\laravel\\framework\\src\\Illuminate\\Database\\Eloquent\\Model.php(1165): Illuminate\\Database\\Eloquent\\Model->performInsert(Object(Illuminate\\Database\\Eloquent\\Builder))
#10 C:\\laragon\\www\\aber\\vendor\\laravel\\framework\\src\\Illuminate\\Database\\Eloquent\\Builder.php(1188): Illuminate\\Database\\Eloquent\\Model->save()
#11 C:\\laragon\\www\\aber\\vendor\\laravel\\framework\\src\\Illuminate\\Support\\helpers.php(399): Illuminate\\Database\\Eloquent\\Builder->Illuminate\\Database\\Eloquent\\{closure}(Object(App\\Models\\Otp))
#12 C:\\laragon\\www\\aber\\vendor\\laravel\\framework\\src\\Illuminate\\Database\\Eloquent\\Builder.php(1187): tap(Object(App\\Models\\Otp), Object(Closure))
#13 C:\\laragon\\www\\aber\\vendor\\laravel\\framework\\src\\Illuminate\\Database\\Eloquent\\Builder.php(694): Illuminate\\Database\\Eloquent\\Builder->create(Array)
#14 C:\\laragon\\www\\aber\\vendor\\laravel\\framework\\src\\Illuminate\\Database\\Eloquent\\Builder.php(1928): Illuminate\\Database\\Eloquent\\Builder->Illuminate\\Database\\Eloquent\\{closure}()
#15 C:\\laragon\\www\\aber\\vendor\\laravel\\framework\\src\\Illuminate\\Database\\Eloquent\\Builder.php(694): Illuminate\\Database\\Eloquent\\Builder->withSavepointIfNeeded(Object(Closure))
#16 C:\\laragon\\www\\aber\\vendor\\laravel\\framework\\src\\Illuminate\\Database\\Eloquent\\Builder.php(681): Illuminate\\Database\\Eloquent\\Builder->createOrFirst(Array, Array)
#17 C:\\laragon\\www\\aber\\vendor\\laravel\\framework\\src\\Illuminate\\Database\\Eloquent\\Builder.php(709): Illuminate\\Database\\Eloquent\\Builder->firstOrCreate(Array, Array)
#18 C:\\laragon\\www\\aber\\vendor\\laravel\\framework\\src\\Illuminate\\Support\\Traits\\ForwardsCalls.php(23): Illuminate\\Database\\Eloquent\\Builder->updateOrCreate(Array, Array)
#19 C:\\laragon\\www\\aber\\vendor\\laravel\\framework\\src\\Illuminate\\Database\\Eloquent\\Model.php(2392): Illuminate\\Database\\Eloquent\\Model->forwardCallTo(Object(Illuminate\\Database\\Eloquent\\Builder), 'updateOrCreate', Array)
#20 C:\\laragon\\www\\aber\\vendor\\laravel\\framework\\src\\Illuminate\\Database\\Eloquent\\Model.php(2408): Illuminate\\Database\\Eloquent\\Model->__call('updateOrCreate', Array)
#21 C:\\laragon\\www\\aber\\app\\Http\\Controllers\\Api\\AuthController.php(56): Illuminate\\Database\\Eloquent\\Model::__callStatic('updateOrCreate', Array)
#22 C:\\laragon\\www\\aber\\vendor\\laravel\\framework\\src\\Illuminate\\Routing\\Controller.php(54): App\\Http\\Controllers\\Api\\AuthController->sendOtp(Object(Illuminate\\Http\\Request))
#23 C:\\laragon\\www\\aber\\vendor\\laravel\\framework\\src\\Illuminate\\Routing\\ControllerDispatcher.php(43): Illuminate\\Routing\\Controller->callAction('sendOtp', Array)
#24 C:\\laragon\\www\\aber\\vendor\\laravel\\framework\\src\\Illuminate\\Routing\\Route.php(265): Illuminate\\Routing\\ControllerDispatcher->dispatch(Object(Illuminate\\Routing\\Route), Object(App\\Http\\Controllers\\Api\\AuthController), 'sendOtp')
#25 C:\\laragon\\www\\aber\\vendor\\laravel\\framework\\src\\Illuminate\\Routing\\Route.php(211): Illuminate\\Routing\\Route->runController()
#26 C:\\laragon\\www\\aber\\vendor\\laravel\\framework\\src\\Illuminate\\Routing\\Router.php(808): Illuminate\\Routing\\Route->run()
#27 C:\\laragon\\www\\aber\\vendor\\laravel\\framework\\src\\Illuminate\\Pipeline\\Pipeline.php(169): Illuminate\\Routing\\Router->Illuminate\\Routing\\{closure}(Object(Illuminate\\Http\\Request))
#28 C:\\laragon\\www\\aber\\vendor\\laravel\\framework\\src\\Illuminate\\Routing\\Middleware\\SubstituteBindings.php(50): Illuminate\\Pipeline\\Pipeline->Illuminate\\Pipeline\\{closure}(Object(Illuminate\\Http\\Request))
#29 C:\\laragon\\www\\aber\\vendor\\laravel\\framework\\src\\Illuminate\\Pipeline\\Pipeline.php(208): Illuminate\\Routing\\Middleware\\SubstituteBindings->handle(Object(Illuminate\\Http\\Request), Object(Closure))
#30 C:\\laragon\\www\\aber\\vendor\\laravel\\framework\\src\\Illuminate\\Pipeline\\Pipeline.php(126): Illuminate\\Pipeline\\Pipeline->Illuminate\\Pipeline\\{closure}(Object(Illuminate\\Http\\Request))
#31 C:\\laragon\\www\\aber\\vendor\\laravel\\framework\\src\\Illuminate\\Routing\\Router.php(807): Illuminate\\Pipeline\\Pipeline->then(Object(Closure))
#32 C:\\laragon\\www\\aber\\vendor\\laravel\\framework\\src\\Illuminate\\Routing\\Router.php(786): Illuminate\\Routing\\Router->runRouteWithinStack(Object(Illuminate\\Routing\\Route), Object(Illuminate\\Http\\Request))
#33 C:\\laragon\\www\\aber\\vendor\\laravel\\framework\\src\\Illuminate\\Routing\\Router.php(750): Illuminate\\Routing\\Router->runRoute(Object(Illuminate\\Http\\Request), Object(Illuminate\\Routing\\Route))
#34 C:\\laragon\\www\\aber\\vendor\\laravel\\framework\\src\\Illuminate\\Routing\\Router.php(739): Illuminate\\Routing\\Router->dispatchToRoute(Object(Illuminate\\Http\\Request))
#35 C:\\laragon\\www\\aber\\vendor\\laravel\\framework\\src\\Illuminate\\Foundation\\Http\\Kernel.php(200): Illuminate\\Routing\\Router->dispatch(Object(Illuminate\\Http\\Request))
#36 C:\\laragon\\www\\aber\\vendor\\laravel\\framework\\src\\Illuminate\\Pipeline\\Pipeline.php(169): Illuminate\\Foundation\\Http\\Kernel->Illuminate\\Foundation\\Http\\{closure}(Object(Illuminate\\Http\\Request))
#37 C:\\laragon\\www\\aber\\vendor\\laravel\\framework\\src\\Illuminate\\Foundation\\Http\\Middleware\\TransformsRequest.php(21): Illuminate\\Pipeline\\Pipeline->Illuminate\\Pipeline\\{closure}(Object(Illuminate\\Http\\Request))
#38 C:\\laragon\\www\\aber\\vendor\\laravel\\framework\\src\\Illuminate\\Foundation\\Http\\Middleware\\ConvertEmptyStringsToNull.php(31): Illuminate\\Foundation\\Http\\Middleware\\TransformsRequest->handle(Object(Illuminate\\Http\\Request), Object(Closure))
#39 C:\\laragon\\www\\aber\\vendor\\laravel\\framework\\src\\Illuminate\\Pipeline\\Pipeline.php(208): Illuminate\\Foundation\\Http\\Middleware\\ConvertEmptyStringsToNull->handle(Object(Illuminate\\Http\\Request), Object(Closure))
#40 C:\\laragon\\www\\aber\\vendor\\laravel\\framework\\src\\Illuminate\\Foundation\\Http\\Middleware\\TransformsRequest.php(21): Illuminate\\Pipeline\\Pipeline->Illuminate\\Pipeline\\{closure}(Object(Illuminate\\Http\\Request))
#41 C:\\laragon\\www\\aber\\vendor\\laravel\\framework\\src\\Illuminate\\Foundation\\Http\\Middleware\\TrimStrings.php(51): Illuminate\\Foundation\\Http\\Middleware\\TransformsRequest->handle(Object(Illuminate\\Http\\Request), Object(Closure))
#42 C:\\laragon\\www\\aber\\vendor\\laravel\\framework\\src\\Illuminate\\Pipeline\\Pipeline.php(208): Illuminate\\Foundation\\Http\\Middleware\\TrimStrings->handle(Object(Illuminate\\Http\\Request), Object(Closure))
#43 C:\\laragon\\www\\aber\\vendor\\laravel\\framework\\src\\Illuminate\\Http\\Middleware\\ValidatePostSize.php(27): Illuminate\\Pipeline\\Pipeline->Illuminate\\Pipeline\\{closure}(Object(Illuminate\\Http\\Request))
#44 C:\\laragon\\www\\aber\\vendor\\laravel\\framework\\src\\Illuminate\\Pipeline\\Pipeline.php(208): Illuminate\\Http\\Middleware\\ValidatePostSize->handle(Object(Illuminate\\Http\\Request), Object(Closure))
#45 C:\\laragon\\www\\aber\\vendor\\laravel\\framework\\src\\Illuminate\\Foundation\\Http\\Middleware\\PreventRequestsDuringMaintenance.php(109): Illuminate\\Pipeline\\Pipeline->Illuminate\\Pipeline\\{closure}(Object(Illuminate\\Http\\Request))
#46 C:\\laragon\\www\\aber\\vendor\\laravel\\framework\\src\\Illuminate\\Pipeline\\Pipeline.php(208): Illuminate\\Foundation\\Http\\Middleware\\PreventRequestsDuringMaintenance->handle(Object(Illuminate\\Http\\Request), Object(Closure))
#47 C:\\laragon\\www\\aber\\vendor\\laravel\\framework\\src\\Illuminate\\Http\\Middleware\\HandleCors.php(61): Illuminate\\Pipeline\\Pipeline->Illuminate\\Pipeline\\{closure}(Object(Illuminate\\Http\\Request))
#48 C:\\laragon\\www\\aber\\vendor\\laravel\\framework\\src\\Illuminate\\Pipeline\\Pipeline.php(208): Illuminate\\Http\\Middleware\\HandleCors->handle(Object(Illuminate\\Http\\Request), Object(Closure))
#49 C:\\laragon\\www\\aber\\vendor\\laravel\\framework\\src\\Illuminate\\Http\\Middleware\\TrustProxies.php(58): Illuminate\\Pipeline\\Pipeline->Illuminate\\Pipeline\\{closure}(Object(Illuminate\\Http\\Request))
#50 C:\\laragon\\www\\aber\\vendor\\laravel\\framework\\src\\Illuminate\\Pipeline\\Pipeline.php(208): Illuminate\\Http\\Middleware\\TrustProxies->handle(Object(Illuminate\\Http\\Request), Object(Closure))
#51 C:\\laragon\\www\\aber\\vendor\\laravel\\framework\\src\\Illuminate\\Foundation\\Http\\Middleware\\InvokeDeferredCallbacks.php(22): Illuminate\\Pipeline\\Pipeline->Illuminate\\Pipeline\\{closure}(Object(Illuminate\\Http\\Request))
#52 C:\\laragon\\www\\aber\\vendor\\laravel\\framework\\src\\Illuminate\\Pipeline\\Pipeline.php(208): Illuminate\\Foundation\\Http\\Middleware\\InvokeDeferredCallbacks->handle(Object(Illuminate\\Http\\Request), Object(Closure))
#53 C:\\laragon\\www\\aber\\vendor\\laravel\\framework\\src\\Illuminate\\Http\\Middleware\\ValidatePathEncoding.php(26): Illuminate\\Pipeline\\Pipeline->Illuminate\\Pipeline\\{closure}(Object(Illuminate\\Http\\Request))
#54 C:\\laragon\\www\\aber\\vendor\\laravel\\framework\\src\\Illuminate\\Pipeline\\Pipeline.php(208): Illuminate\\Http\\Middleware\\ValidatePathEncoding->handle(Object(Illuminate\\Http\\Request), Object(Closure))
#55 C:\\laragon\\www\\aber\\vendor\\laravel\\framework\\src\\Illuminate\\Pipeline\\Pipeline.php(126): Illuminate\\Pipeline\\Pipeline->Illuminate\\Pipeline\\{closure}(Object(Illuminate\\Http\\Request))
#56 C:\\laragon\\www\\aber\\vendor\\laravel\\framework\\src\\Illuminate\\Foundation\\Http\\Kernel.php(175): Illuminate\\Pipeline\\Pipeline->then(Object(Closure))
#57 C:\\laragon\\www\\aber\\vendor\\laravel\\framework\\src\\Illuminate\\Foundation\\Http\\Kernel.php(144): Illuminate\\Foundation\\Http\\Kernel->sendRequestThroughRouter(Object(Illuminate\\Http\\Request))
#58 C:\\laragon\\www\\aber\\vendor\\laravel\\framework\\src\\Illuminate\\Foundation\\Application.php(1219): Illuminate\\Foundation\\Http\\Kernel->handle(Object(Illuminate\\Http\\Request))
#59 C:\\laragon\\www\\aber\\public\\index.php(20): Illuminate\\Foundation\\Application->handleRequest(Object(Illuminate\\Http\\Request))
#60 C:\\laragon\\www\\aber\\server.php(21): require_once('C:\\\\laragon\\\\www\\\\...')
#61 {main}
"} 
[2026-09-11 21:38:09] local.ERROR: SQLSTATE[42S22]: Column not found: 1054 Unknown column 'user_type' in 'field list' (Connection: mysql, SQL: insert into `otps` (`phone`, `code`, `verified`, `expires_at`, `user_type`, `updated_at`, `created_at`) values (514755897, 7845, 0, 2026-09-11 21:48:09, client, 2026-09-11 21:38:09, 2026-09-11 21:38:09)) {"exception":"[object] (Illuminate\\Database\\QueryException(code: 42S22): SQLSTATE[42S22]: Column not found: 1054 Unknown column 'user_type' in 'field list' (Connection: mysql, SQL: insert into `otps` (`phone`, `code`, `verified`, `expires_at`, `user_type`, `updated_at`, `created_at`) values (514755897, 7845, 0, 2026-09-11 21:48:09, client, 2026-09-11 21:38:09, 2026-09-11 21:38:09)) at C:\\laragon\\www\\aber\\vendor\\laravel\\framework\\src\\Illuminate\\Database\\Connection.php:822)
[stacktrace]
#0 C:\\laragon\\www\\aber\\vendor\\laravel\\framework\\src\\Illuminate\\Database\\Connection.php(776): Illuminate\\Database\\Connection->runQueryCallback('insert into `ot...', Array, Object(Closure))
#1 C:\\laragon\\www\\aber\\vendor\\laravel\\framework\\src\\Illuminate\\Database\\MySqlConnection.php(42): Illuminate\\Database\\Connection->run('insert into `ot...', Array, Object(Closure))
#2 C:\\laragon\\www\\aber\\vendor\\laravel\\framework\\src\\Illuminate\\Database\\Query\\Processors\\MySqlProcessor.php(35): Illuminate\\Database\\MySqlConnection->insert('insert into `ot...', Array, 'id')
#3 C:\\laragon\\www\\aber\\vendor\\laravel\\framework\\src\\Illuminate\\Database\\Query\\Builder.php(3769): Illuminate\\Database\\Query\\Processors\\MySqlProcessor->processInsertGetId(Object(Illuminate\\Database\\Query\\Builder), 'insert into `ot...', Array, 'id')
#4 C:\\laragon\\www\\aber\\vendor\\laravel\\framework\\src\\Illuminate\\Database\\Eloquent\\Builder.php(2204): Illuminate\\Database\\Query\\Builder->insertGetId(Array, 'id')
#5 C:\\laragon\\www\\aber\\vendor\\laravel\\framework\\src\\Illuminate\\Database\\Eloquent\\Model.php(1361): Illuminate\\Database\\Eloquent\\Builder->__call('insertGetId', Array)
#6 C:\\laragon\\www\\aber\\vendor\\laravel\\framework\\src\\Illuminate\\Database\\Eloquent\\Model.php(1326): Illuminate\\Database\\Eloquent\\Model->insertAndSetId(Object(Illuminate\\Database\\Eloquent\\Builder), Array)
#7 C:\\laragon\\www\\aber\\vendor\\laravel\\framework\\src\\Illuminate\\Database\\Eloquent\\Model.php(1165): Illuminate\\Database\\Eloquent\\Model->performInsert(Object(Illuminate\\Database\\Eloquent\\Builder))
#8 C:\\laragon\\www\\aber\\vendor\\laravel\\framework\\src\\Illuminate\\Database\\Eloquent\\Builder.php(1188): Illuminate\\Database\\Eloquent\\Model->save()
#9 C:\\laragon\\www\\aber\\vendor\\laravel\\framework\\src\\Illuminate\\Support\\helpers.php(399): Illuminate\\Database\\Eloquent\\Builder->Illuminate\\Database\\Eloquent\\{closure}(Object(App\\Models\\Otp))
#10 C:\\laragon\\www\\aber\\vendor\\laravel\\framework\\src\\Illuminate\\Database\\Eloquent\\Builder.php(1187): tap(Object(App\\Models\\Otp), Object(Closure))
#11 C:\\laragon\\www\\aber\\vendor\\laravel\\framework\\src\\Illuminate\\Database\\Eloquent\\Builder.php(694): Illuminate\\Database\\Eloquent\\Builder->create(Array)
#12 C:\\laragon\\www\\aber\\vendor\\laravel\\framework\\src\\Illuminate\\Database\\Eloquent\\Builder.php(1928): Illuminate\\Database\\Eloquent\\Builder->Illuminate\\Database\\Eloquent\\{closure}()
#13 C:\\laragon\\www\\aber\\vendor\\laravel\\framework\\src\\Illuminate\\Database\\Eloquent\\Builder.php(694): Illuminate\\Database\\Eloquent\\Builder->withSavepointIfNeeded(Object(Closure))
#14 C:\\laragon\\www\\aber\\vendor\\laravel\\framework\\src\\Illuminate\\Database\\Eloquent\\Builder.php(681): Illuminate\\Database\\Eloquent\\Builder->createOrFirst(Array, Array)
#15 C:\\laragon\\www\\aber\\vendor\\laravel\\framework\\src\\Illuminate\\Database\\Eloquent\\Builder.php(709): Illuminate\\Database\\Eloquent\\Builder->firstOrCreate(Array, Array)
#16 C:\\laragon\\www\\aber\\vendor\\laravel\\framework\\src\\Illuminate\\Support\\Traits\\ForwardsCalls.php(23): Illuminate\\Database\\Eloquent\\Builder->updateOrCreate(Array, Array)
#17 C:\\laragon\\www\\aber\\vendor\\laravel\\framework\\src\\Illuminate\\Database\\Eloquent\\Model.php(2392): Illuminate\\Database\\Eloquent\\Model->forwardCallTo(Object(Illuminate\\Database\\Eloquent\\Builder), 'updateOrCreate', Array)
#18 C:\\laragon\\www\\aber\\vendor\\laravel\\framework\\src\\Illuminate\\Database\\Eloquent\\Model.php(2408): Illuminate\\Database\\Eloquent\\Model->__call('updateOrCreate', Array)
#19 C:\\laragon\\www\\aber\\app\\Http\\Controllers\\Api\\AuthController.php(56): Illuminate\\Database\\Eloquent\\Model::__callStatic('updateOrCreate', Array)
#20 C:\\laragon\\www\\aber\\vendor\\laravel\\framework\\src\\Illuminate\\Routing\\Controller.php(54): App\\Http\\Controllers\\Api\\AuthController->sendOtp(Object(Illuminate\\Http\\Request))
#21 C:\\laragon\\www\\aber\\vendor\\laravel\\framework\\src\\Illuminate\\Routing\\ControllerDispatcher.php(43): Illuminate\\Routing\\Controller->callAction('sendOtp', Array)
#22 C:\\laragon\\www\\aber\\vendor\\laravel\\framework\\src\\Illuminate\\Routing\\Route.php(265): Illuminate\\Routing\\ControllerDispatcher->dispatch(Object(Illuminate\\Routing\\Route), Object(App\\Http\\Controllers\\Api\\AuthController), 'sendOtp')
#23 C:\\laragon\\www\\aber\\vendor\\laravel\\framework\\src\\Illuminate\\Routing\\Route.php(211): Illuminate\\Routing\\Route->runController()
#24 C:\\laragon\\www\\aber\\vendor\\laravel\\framework\\src\\Illuminate\\Routing\\Router.php(808): Illuminate\\Routing\\Route->run()
#25 C:\\laragon\\www\\aber\\vendor\\laravel\\framework\\src\\Illuminate\\Pipeline\\Pipeline.php(169): Illuminate\\Routing\\Router->Illuminate\\Routing\\{closure}(Object(Illuminate\\Http\\Request))
#26 C:\\laragon\\www\\aber\\vendor\\laravel\\framework\\src\\Illuminate\\Routing\\Middleware\\SubstituteBindings.php(50): Illuminate\\Pipeline\\Pipeline->Illuminate\\Pipeline\\{closure}(Object(Illuminate\\Http\\Request))
#27 C:\\laragon\\www\\aber\\vendor\\laravel\\framework\\src\\Illuminate\\Pipeline\\Pipeline.php(208): Illuminate\\Routing\\Middleware\\SubstituteBindings->handle(Object(Illuminate\\Http\\Request), Object(Closure))
#28 C:\\laragon\\www\\aber\\vendor\\laravel\\framework\\src\\Illuminate\\Pipeline\\Pipeline.php(126): Illuminate\\Pipeline\\Pipeline->Illuminate\\Pipeline\\{closure}(Object(Illuminate\\Http\\Request))
#29 C:\\laragon\\www\\aber\\vendor\\laravel\\framework\\src\\Illuminate\\Routing\\Router.php(807): Illuminate\\Pipeline\\Pipeline->then(Object(Closure))
#30 C:\\laragon\\www\\aber\\vendor\\laravel\\framework\\src\\Illuminate\\Routing\\Router.php(786): Illuminate\\Routing\\Router->runRouteWithinStack(Object(Illuminate\\Routing\\Route), Object(Illuminate\\Http\\Request))
#31 C:\\laragon\\www\\aber\\vendor\\laravel\\framework\\src\\Illuminate\\Routing\\Router.php(750): Illuminate\\Routing\\Router->runRoute(Object(Illuminate\\Http\\Request), Object(Illuminate\\Routing\\Route))
#32 C:\\laragon\\www\\aber\\vendor\\laravel\\framework\\src\\Illuminate\\Routing\\Router.php(739): Illuminate\\Routing\\Router->dispatchToRoute(Object(Illuminate\\Http\\Request))
#33 C:\\laragon\\www\\aber\\vendor\\laravel\\framework\\src\\Illuminate\\Foundation\\Http\\Kernel.php(200): Illuminate\\Routing\\Router->dispatch(Object(Illuminate\\Http\\Request))
#34 C:\\laragon\\www\\aber\\vendor\\laravel\\framework\\src\\Illuminate\\Pipeline\\Pipeline.php(169): Illuminate\\Foundation\\Http\\Kernel->Illuminate\\Foundation\\Http\\{closure}(Object(Illuminate\\Http\\Request))
#35 C:\\laragon\\www\\aber\\vendor\\laravel\\framework\\src\\Illuminate\\Foundation\\Http\\Middleware\\TransformsRequest.php(21): Illuminate\\Pipeline\\Pipeline->Illuminate\\Pipeline\\{closure}(Object(Illuminate\\Http\\Request))
#36 C:\\laragon\\www\\aber\\vendor\\laravel\\framework\\src\\Illuminate\\Foundation\\Http\\Middleware\\ConvertEmptyStringsToNull.php(31): Illuminate\\Foundation\\Http\\Middleware\\TransformsRequest->handle(Object(Illuminate\\Http\\Request), Object(Closure))
#37 C:\\laragon\\www\\aber\\vendor\\laravel\\framework\\src\\Illuminate\\Pipeline\\Pipeline.php(208): Illuminate\\Foundation\\Http\\Middleware\\ConvertEmptyStringsToNull->handle(Object(Illuminate\\Http\\Request), Object(Closure))
#38 C:\\laragon\\www\\aber\\vendor\\laravel\\framework\\src\\Illuminate\\Foundation\\Http\\Middleware\\TransformsRequest.php(21): Illuminate\\Pipeline\\Pipeline->Illuminate\\Pipeline\\{closure}(Object(Illuminate\\Http\\Request))
#39 C:\\laragon\\www\\aber\\vendor\\laravel\\framework\\src\\Illuminate\\Foundation\\Http\\Middleware\\TrimStrings.php(51): Illuminate\\Foundation\\Http\\Middleware\\TransformsRequest->handle(Object(Illuminate\\Http\\Request), Object(Closure))
#40 C:\\laragon\\www\\aber\\vendor\\laravel\\framework\\src\\Illuminate\\Pipeline\\Pipeline.php(208): Illuminate\\Foundation\\Http\\Middleware\\TrimStrings->handle(Object(Illuminate\\Http\\Request), Object(Closure))
#41 C:\\laragon\\www\\aber\\vendor\\laravel\\framework\\src\\Illuminate\\Http\\Middleware\\ValidatePostSize.php(27): Illuminate\\Pipeline\\Pipeline->Illuminate\\Pipeline\\{closure}(Object(Illuminate\\Http\\Request))
#42 C:\\laragon\\www\\aber\\vendor\\laravel\\framework\\src\\Illuminate\\Pipeline\\Pipeline.php(208): Illuminate\\Http\\Middleware\\ValidatePostSize->handle(Object(Illuminate\\Http\\Request), Object(Closure))
#43 C:\\laragon\\www\\aber\\vendor\\laravel\\framework\\src\\Illuminate\\Foundation\\Http\\Middleware\\PreventRequestsDuringMaintenance.php(109): Illuminate\\Pipeline\\Pipeline->Illuminate\\Pipeline\\{closure}(Object(Illuminate\\Http\\Request))
#44 C:\\laragon\\www\\aber\\vendor\\laravel\\framework\\src\\Illuminate\\Pipeline\\Pipeline.php(208): Illuminate\\Foundation\\Http\\Middleware\\PreventRequestsDuringMaintenance->handle(Object(Illuminate\\Http\\Request), Object(Closure))
#45 C:\\laragon\\www\\aber\\vendor\\laravel\\framework\\src\\Illuminate\\Http\\Middleware\\HandleCors.php(61): Illuminate\\Pipeline\\Pipeline->Illuminate\\Pipeline\\{closure}(Object(Illuminate\\Http\\Request))
#46 C:\\laragon\\www\\aber\\vendor\\laravel\\framework\\src\\Illuminate\\Pipeline\\Pipeline.php(208): Illuminate\\Http\\Middleware\\HandleCors->handle(Object(Illuminate\\Http\\Request), Object(Closure))
#47 C:\\laragon\\www\\aber\\vendor\\laravel\\framework\\src\\Illuminate\\Http\\Middleware\\TrustProxies.php(58): Illuminate\\Pipeline\\Pipeline->Illuminate\\Pipeline\\{closure}(Object(Illuminate\\Http\\Request))
#48 C:\\laragon\\www\\aber\\vendor\\laravel\\framework\\src\\Illuminate\\Pipeline\\Pipeline.php(208): Illuminate\\Http\\Middleware\\TrustProxies->handle(Object(Illuminate\\Http\\Request), Object(Closure))
#49 C:\\laragon\\www\\aber\\vendor\\laravel\\framework\\src\\Illuminate\\Foundation\\Http\\Middleware\\InvokeDeferredCallbacks.php(22): Illuminate\\Pipeline\\Pipeline->Illuminate\\Pipeline\\{closure}(Object(Illuminate\\Http\\Request))
#50 C:\\laragon\\www\\aber\\vendor\\laravel\\framework\\src\\Illuminate\\Pipeline\\Pipeline.php(208): Illuminate\\Foundation\\Http\\Middleware\\InvokeDeferredCallbacks->handle(Object(Illuminate\\Http\\Request), Object(Closure))
#51 C:\\laragon\\www\\aber\\vendor\\laravel\\framework\\src\\Illuminate\\Http\\Middleware\\ValidatePathEncoding.php(26): Illuminate\\Pipeline\\Pipeline->Illuminate\\Pipeline\\{closure}(Object(Illuminate\\Http\\Request))
#52 C:\\laragon\\www\\aber\\vendor\\laravel\\framework\\src\\Illuminate\\Pipeline\\Pipeline.php(208): Illuminate\\Http\\Middleware\\ValidatePathEncoding->handle(Object(Illuminate\\Http\\Request), Object(Closure))
#53 C:\\laragon\\www\\aber\\vendor\\laravel\\framework\\src\\Illuminate\\Pipeline\\Pipeline.php(126): Illuminate\\Pipeline\\Pipeline->Illuminate\\Pipeline\\{closure}(Object(Illuminate\\Http\\Request))
#54 C:\\laragon\\www\\aber\\vendor\\laravel\\framework\\src\\Illuminate\\Foundation\\Http\\Kernel.php(175): Illuminate\\Pipeline\\Pipeline->then(Object(Closure))
#55 C:\\laragon\\www\\aber\\vendor\\laravel\\framework\\src\\Illuminate\\Foundation\\Http\\Kernel.php(144): Illuminate\\Foundation\\Http\\Kernel->sendRequestThroughRouter(Object(Illuminate\\Http\\Request))
#56 C:\\laragon\\www\\aber\\vendor\\laravel\\framework\\src\\Illuminate\\Foundation\\Application.php(1219): Illuminate\\Foundation\\Http\\Kernel->handle(Object(Illuminate\\Http\\Request))
#57 C:\\laragon\\www\\aber\\public\\index.php(20): Illuminate\\Foundation\\Application->handleRequest(Object(Illuminate\\Http\\Request))
#58 C:\\laragon\\www\\aber\\server.php(21): require_once('C:\\\\laragon\\\\www\\\\...')
#59 {main}

[previous exception] [object] (PDOException(code: 42S22): SQLSTATE[42S22]: Column not found: 1054 Unknown column 'user_type' in 'field list' at C:\\laragon\\www\\aber\\vendor\\laravel\\framework\\src\\Illuminate\\Database\\MySqlConnection.php:47)
[stacktrace]
#0 C:\\laragon\\www\\aber\\vendor\\laravel\\framework\\src\\Illuminate\\Database\\MySqlConnection.php(47): PDO->prepare('insert into `ot...')
#1 C:\\laragon\\www\\aber\\vendor\\laravel\\framework\\src\\Illuminate\\Database\\Connection.php(809): Illuminate\\Database\\MySqlConnection->Illuminate\\Database\\{closure}('insert into `ot...', Array)
#2 C:\\laragon\\www\\aber\\vendor\\laravel\\framework\\src\\Illuminate\\Database\\Connection.php(776): Illuminate\\Database\\Connection->runQueryCallback('insert into `ot...', Array, Object(Closure))
#3 C:\\laragon\\www\\aber\\vendor\\laravel\\framework\\src\\Illuminate\\Database\\MySqlConnection.php(42): Illuminate\\Database\\Connection->run('insert into `ot...', Array, Object(Closure))
#4 C:\\laragon\\www\\aber\\vendor\\laravel\\framework\\src\\Illuminate\\Database\\Query\\Processors\\MySqlProcessor.php(35): Illuminate\\Database\\MySqlConnection->insert('insert into `ot...', Array, 'id')
#5 C:\\laragon\\www\\aber\\vendor\\laravel\\framework\\src\\Illuminate\\Database\\Query\\Builder.php(3769): Illuminate\\Database\\Query\\Processors\\MySqlProcessor->processInsertGetId(Object(Illuminate\\Database\\Query\\Builder), 'insert into `ot...', Array, 'id')
#6 C:\\laragon\\www\\aber\\vendor\\laravel\\framework\\src\\Illuminate\\Database\\Eloquent\\Builder.php(2204): Illuminate\\Database\\Query\\Builder->insertGetId(Array, 'id')
#7 C:\\laragon\\www\\aber\\vendor\\laravel\\framework\\src\\Illuminate\\Database\\Eloquent\\Model.php(1361): Illuminate\\Database\\Eloquent\\Builder->__call('insertGetId', Array)
#8 C:\\laragon\\www\\aber\\vendor\\laravel\\framework\\src\\Illuminate\\Database\\Eloquent\\Model.php(1326): Illuminate\\Database\\Eloquent\\Model->insertAndSetId(Object(Illuminate\\Database\\Eloquent\\Builder), Array)
#9 C:\\laragon\\www\\aber\\vendor\\laravel\\framework\\src\\Illuminate\\Database\\Eloquent\\Model.php(1165): Illuminate\\Database\\Eloquent\\Model->performInsert(Object(Illuminate\\Database\\Eloquent\\Builder))
#10 C:\\laragon\\www\\aber\\vendor\\laravel\\framework\\src\\Illuminate\\Database\\Eloquent\\Builder.php(1188): Illuminate\\Database\\Eloquent\\Model->save()
#11 C:\\laragon\\www\\aber\\vendor\\laravel\\framework\\src\\Illuminate\\Support\\helpers.php(399): Illuminate\\Database\\Eloquent\\Builder->Illuminate\\Database\\Eloquent\\{closure}(Object(App\\Models\\Otp))
#12 C:\\laragon\\www\\aber\\vendor\\laravel\\framework\\src\\Illuminate\\Database\\Eloquent\\Builder.php(1187): tap(Object(App\\Models\\Otp), Object(Closure))
#13 C:\\laragon\\www\\aber\\vendor\\laravel\\framework\\src\\Illuminate\\Database\\Eloquent\\Builder.php(694): Illuminate\\Database\\Eloquent\\Builder->create(Array)
#14 C:\\laragon\\www\\aber\\vendor\\laravel\\framework\\src\\Illuminate\\Database\\Eloquent\\Builder.php(1928): Illuminate\\Database\\Eloquent\\Builder->Illuminate\\Database\\Eloquent\\{closure}()
#15 C:\\laragon\\www\\aber\\vendor\\laravel\\framework\\src\\Illuminate\\Database\\Eloquent\\Builder.php(694): Illuminate\\Database\\Eloquent\\Builder->withSavepointIfNeeded(Object(Closure))
#16 C:\\laragon\\www\\aber\\vendor\\laravel\\framework\\src\\Illuminate\\Database\\Eloquent\\Builder.php(681): Illuminate\\Database\\Eloquent\\Builder->createOrFirst(Array, Array)
#17 C:\\laragon\\www\\aber\\vendor\\laravel\\framework\\src\\Illuminate\\Database\\Eloquent\\Builder.php(709): Illuminate\\Database\\Eloquent\\Builder->firstOrCreate(Array, Array)
#18 C:\\laragon\\www\\aber\\vendor\\laravel\\framework\\src\\Illuminate\\Support\\Traits\\ForwardsCalls.php(23): Illuminate\\Database\\Eloquent\\Builder->updateOrCreate(Array, Array)
#19 C:\\laragon\\www\\aber\\vendor\\laravel\\framework\\src\\Illuminate\\Database\\Eloquent\\Model.php(2392): Illuminate\\Database\\Eloquent\\Model->forwardCallTo(Object(Illuminate\\Database\\Eloquent\\Builder), 'updateOrCreate', Array)
#20 C:\\laragon\\www\\aber\\vendor\\laravel\\framework\\src\\Illuminate\\Database\\Eloquent\\Model.php(2408): Illuminate\\Database\\Eloquent\\Model->__call('updateOrCreate', Array)
#21 C:\\laragon\\www\\aber\\app\\Http\\Controllers\\Api\\AuthController.php(56): Illuminate\\Database\\Eloquent\\Model::__callStatic('updateOrCreate', Array)
#22 C:\\laragon\\www\\aber\\vendor\\laravel\\framework\\src\\Illuminate\\Routing\\Controller.php(54): App\\Http\\Controllers\\Api\\AuthController->sendOtp(Object(Illuminate\\Http\\Request))
#23 C:\\laragon\\www\\aber\\vendor\\laravel\\framework\\src\\Illuminate\\Routing\\ControllerDispatcher.php(43): Illuminate\\Routing\\Controller->callAction('sendOtp', Array)
#24 C:\\laragon\\www\\aber\\vendor\\laravel\\framework\\src\\Illuminate\\Routing\\Route.php(265): Illuminate\\Routing\\ControllerDispatcher->dispatch(Object(Illuminate\\Routing\\Route), Object(App\\Http\\Controllers\\Api\\AuthController), 'sendOtp')
#25 C:\\laragon\\www\\aber\\vendor\\laravel\\framework\\src\\Illuminate\\Routing\\Route.php(211): Illuminate\\Routing\\Route->runController()
#26 C:\\laragon\\www\\aber\\vendor\\laravel\\framework\\src\\Illuminate\\Routing\\Router.php(808): Illuminate\\Routing\\Route->run()
#27 C:\\laragon\\www\\aber\\vendor\\laravel\\framework\\src\\Illuminate\\Pipeline\\Pipeline.php(169): Illuminate\\Routing\\Router->Illuminate\\Routing\\{closure}(Object(Illuminate\\Http\\Request))
#28 C:\\laragon\\www\\aber\\vendor\\laravel\\framework\\src\\Illuminate\\Routing\\Middleware\\SubstituteBindings.php(50): Illuminate\\Pipeline\\Pipeline->Illuminate\\Pipeline\\{closure}(Object(Illuminate\\Http\\Request))
#29 C:\\laragon\\www\\aber\\vendor\\laravel\\framework\\src\\Illuminate\\Pipeline\\Pipeline.php(208): Illuminate\\Routing\\Middleware\\SubstituteBindings->handle(Object(Illuminate\\Http\\Request), Object(Closure))
#30 C:\\laragon\\www\\aber\\vendor\\laravel\\framework\\src\\Illuminate\\Pipeline\\Pipeline.php(126): Illuminate\\Pipeline\\Pipeline->Illuminate\\Pipeline\\{closure}(Object(Illuminate\\Http\\Request))
#31 C:\\laragon\\www\\aber\\vendor\\laravel\\framework\\src\\Illuminate\\Routing\\Router.php(807): Illuminate\\Pipeline\\Pipeline->then(Object(Closure))
#32 C:\\laragon\\www\\aber\\vendor\\laravel\\framework\\src\\Illuminate\\Routing\\Router.php(786): Illuminate\\Routing\\Router->runRouteWithinStack(Object(Illuminate\\Routing\\Route), Object(Illuminate\\Http\\Request))
#33 C:\\laragon\\www\\aber\\vendor\\laravel\\framework\\src\\Illuminate\\Routing\\Router.php(750): Illuminate\\Routing\\Router->runRoute(Object(Illuminate\\Http\\Request), Object(Illuminate\\Routing\\Route))
#34 C:\\laragon\\www\\aber\\vendor\\laravel\\framework\\src\\Illuminate\\Routing\\Router.php(739): Illuminate\\Routing\\Router->dispatchToRoute(Object(Illuminate\\Http\\Request))
#35 C:\\laragon\\www\\aber\\vendor\\laravel\\framework\\src\\Illuminate\\Foundation\\Http\\Kernel.php(200): Illuminate\\Routing\\Router->dispatch(Object(Illuminate\\Http\\Request))
#36 C:\\laragon\\www\\aber\\vendor\\laravel\\framework\\src\\Illuminate\\Pipeline\\Pipeline.php(169): Illuminate\\Foundation\\Http\\Kernel->Illuminate\\Foundation\\Http\\{closure}(Object(Illuminate\\Http\\Request))
#37 C:\\laragon\\www\\aber\\vendor\\laravel\\framework\\src\\Illuminate\\Foundation\\Http\\Middleware\\TransformsRequest.php(21): Illuminate\\Pipeline\\Pipeline->Illuminate\\Pipeline\\{closure}(Object(Illuminate\\Http\\Request))
#38 C:\\laragon\\www\\aber\\vendor\\laravel\\framework\\src\\Illuminate\\Foundation\\Http\\Middleware\\ConvertEmptyStringsToNull.php(31): Illuminate\\Foundation\\Http\\Middleware\\TransformsRequest->handle(Object(Illuminate\\Http\\Request), Object(Closure))
#39 C:\\laragon\\www\\aber\\vendor\\laravel\\framework\\src\\Illuminate\\Pipeline\\Pipeline.php(208): Illuminate\\Foundation\\Http\\Middleware\\ConvertEmptyStringsToNull->handle(Object(Illuminate\\Http\\Request), Object(Closure))
#40 C:\\laragon\\www\\aber\\vendor\\laravel\\framework\\src\\Illuminate\\Foundation\\Http\\Middleware\\TransformsRequest.php(21): Illuminate\\Pipeline\\Pipeline->Illuminate\\Pipeline\\{closure}(Object(Illuminate\\Http\\Request))
#41 C:\\laragon\\www\\aber\\vendor\\laravel\\framework\\src\\Illuminate\\Foundation\\Http\\Middleware\\TrimStrings.php(51): Illuminate\\Foundation\\Http\\Middleware\\TransformsRequest->handle(Object(Illuminate\\Http\\Request), Object(Closure))
#42 C:\\laragon\\www\\aber\\vendor\\laravel\\framework\\src\\Illuminate\\Pipeline\\Pipeline.php(208): Illuminate\\Foundation\\Http\\Middleware\\TrimStrings->handle(Object(Illuminate\\Http\\Request), Object(Closure))
#43 C:\\laragon\\www\\aber\\vendor\\laravel\\framework\\src\\Illuminate\\Http\\Middleware\\ValidatePostSize.php(27): Illuminate\\Pipeline\\Pipeline->Illuminate\\Pipeline\\{closure}(Object(Illuminate\\Http\\Request))
#44 C:\\laragon\\www\\aber\\vendor\\laravel\\framework\\src\\Illuminate\\Pipeline\\Pipeline.php(208): Illuminate\\Http\\Middleware\\ValidatePostSize->handle(Object(Illuminate\\Http\\Request), Object(Closure))
#45 C:\\laragon\\www\\aber\\vendor\\laravel\\framework\\src\\Illuminate\\Foundation\\Http\\Middleware\\PreventRequestsDuringMaintenance.php(109): Illuminate\\Pipeline\\Pipeline->Illuminate\\Pipeline\\{closure}(Object(Illuminate\\Http\\Request))
#46 C:\\laragon\\www\\aber\\vendor\\laravel\\framework\\src\\Illuminate\\Pipeline\\Pipeline.php(208): Illuminate\\Foundation\\Http\\Middleware\\PreventRequestsDuringMaintenance->handle(Object(Illuminate\\Http\\Request), Object(Closure))
#47 C:\\laragon\\www\\aber\\vendor\\laravel\\framework\\src\\Illuminate\\Http\\Middleware\\HandleCors.php(61): Illuminate\\Pipeline\\Pipeline->Illuminate\\Pipeline\\{closure}(Object(Illuminate\\Http\\Request))
#48 C:\\laragon\\www\\aber\\vendor\\laravel\\framework\\src\\Illuminate\\Pipeline\\Pipeline.php(208): Illuminate\\Http\\Middleware\\HandleCors->handle(Object(Illuminate\\Http\\Request), Object(Closure))
#49 C:\\laragon\\www\\aber\\vendor\\laravel\\framework\\src\\Illuminate\\Http\\Middleware\\TrustProxies.php(58): Illuminate\\Pipeline\\Pipeline->Illuminate\\Pipeline\\{closure}(Object(Illuminate\\Http\\Request))
#50 C:\\laragon\\www\\aber\\vendor\\laravel\\framework\\src\\Illuminate\\Pipeline\\Pipeline.php(208): Illuminate\\Http\\Middleware\\TrustProxies->handle(Object(Illuminate\\Http\\Request), Object(Closure))
#51 C:\\laragon\\www\\aber\\vendor\\laravel\\framework\\src\\Illuminate\\Foundation\\Http\\Middleware\\InvokeDeferredCallbacks.php(22): Illuminate\\Pipeline\\Pipeline->Illuminate\\Pipeline\\{closure}(Object(Illuminate\\Http\\Request))
#52 C:\\laragon\\www\\aber\\vendor\\laravel\\framework\\src\\Illuminate\\Pipeline\\Pipeline.php(208): Illuminate\\Foundation\\Http\\Middleware\\InvokeDeferredCallbacks->handle(Object(Illuminate\\Http\\Request), Object(Closure))
#53 C:\\laragon\\www\\aber\\vendor\\laravel\\framework\\src\\Illuminate\\Http\\Middleware\\ValidatePathEncoding.php(26): Illuminate\\Pipeline\\Pipeline->Illuminate\\Pipeline\\{closure}(Object(Illuminate\\Http\\Request))
#54 C:\\laragon\\www\\aber\\vendor\\laravel\\framework\\src\\Illuminate\\Pipeline\\Pipeline.php(208): Illuminate\\Http\\Middleware\\ValidatePathEncoding->handle(Object(Illuminate\\Http\\Request), Object(Closure))
#55 C:\\laragon\\www\\aber\\vendor\\laravel\\framework\\src\\Illuminate\\Pipeline\\Pipeline.php(126): Illuminate\\Pipeline\\Pipeline->Illuminate\\Pipeline\\{closure}(Object(Illuminate\\Http\\Request))
#56 C:\\laragon\\www\\aber\\vendor\\laravel\\framework\\src\\Illuminate\\Foundation\\Http\\Kernel.php(175): Illuminate\\Pipeline\\Pipeline->then(Object(Closure))
#57 C:\\laragon\\www\\aber\\vendor\\laravel\\framework\\src\\Illuminate\\Foundation\\Http\\Kernel.php(144): Illuminate\\Foundation\\Http\\Kernel->sendRequestThroughRouter(Object(Illuminate\\Http\\Request))
#58 C:\\laragon\\www\\aber\\vendor\\laravel\\framework\\src\\Illuminate\\Foundation\\Application.php(1219): Illuminate\\Foundation\\Http\\Kernel->handle(Object(Illuminate\\Http\\Request))
#59 C:\\laragon\\www\\aber\\public\\index.php(20): Illuminate\\Foundation\\Application->handleRequest(Object(Illuminate\\Http\\Request))
#60 C:\\laragon\\www\\aber\\server.php(21): require_once('C:\\\\laragon\\\\www\\\\...')
#61 {main}
"} 
[2026-09-11 21:42:41] testing.INFO: Al Rajhi payment initiation request {"service":"alrajhi","timestamp":"2026-09-11T21:42:41+00:00","correlation_id":"order_42","internal_order_id":42,"track_id":"42_1789162961","amount":"150.50","currency":"682"} 
[2026-09-11 21:42:41] testing.INFO: Al Rajhi hosted page URL generated {"service":"alrajhi","timestamp":"2026-09-11T21:42:41+00:00","correlation_id":"order_42","internal_order_id":42,"payment_id":"100200300"} 
[2026-09-11 21:42:41] testing.INFO: Al Rajhi payment initiation request {"service":"alrajhi","timestamp":"2026-09-11T21:42:41+00:00","correlation_id":"order_7","internal_order_id":7,"track_id":"7_1789162961","amount":"10.00","currency":"682"} 
[2026-09-11 21:42:41] testing.ERROR: Al Rajhi payment initiation failed {"service":"alrajhi","timestamp":"2026-09-11T21:42:41+00:00","correlation_id":"order_7","internal_order_id":7,"status_code":200,"error_text":"Invalid Transportal ID"} 
[2026-09-11 21:42:41] testing.INFO: Al Rajhi callback received {"service":"alrajhi","timestamp":"2026-09-11T21:42:41+00:00","correlation_id":"order_55","internal_order_id":55,"result":"CAPTURED","payment_id":"PAY-1","transaction_id":"TRX-1"} 
[2026-09-11 21:42:41] testing.INFO: Al Rajhi callback received {"service":"alrajhi","timestamp":"2026-09-11T21:42:41+00:00","correlation_id":"order_56","internal_order_id":56,"result":"NOT CAPTURED"} 
[2026-09-11 21:42:41] testing.ERROR: Al Rajhi callback payload could not be decoded {"service":"alrajhi","timestamp":"2026-09-11T21:42:41+00:00","correlation_id":"pay_2b966242-fdcd-4542-ba83-3602bebd9560","ip":"127.0.0.1","has_trandata":true} 
[2026-09-11 21:42:41] testing.ERROR: Al Rajhi callback payload could not be decoded {"service":"alrajhi","timestamp":"2026-09-11T21:42:41+00:00","correlation_id":"pay_c663b012-e40f-4ee5-96cf-893813a1330f","ip":"127.0.0.1"} 
[2026-09-11 21:42:41] testing.ERROR: Al Rajhi callback: order not found {"service":"alrajhi","timestamp":"2026-09-11T21:42:41+00:00","correlation_id":"pay_ad1dc163-46b9-4a26-accf-c3acb2d5b995","track_id":"999_1","result":"CAPTURED"} 
[2026-09-11 21:42:42] testing.INFO: Al Rajhi payment initiation request {"service":"alrajhi","timestamp":"2026-09-11T21:42:42+00:00","correlation_id":"order_1","internal_order_id":1,"track_id":"1_1789162962","amount":"50.00","currency":"682"} 
[2026-09-11 21:42:42] testing.INFO: Al Rajhi hosted page URL generated {"service":"alrajhi","timestamp":"2026-09-11T21:42:42+00:00","correlation_id":"order_1","internal_order_id":1,"payment_id":"100200300"} 
[2026-09-11 21:42:42] testing.INFO: Al Rajhi payment initiation request {"service":"alrajhi","timestamp":"2026-09-11T21:42:42+00:00","correlation_id":"order_1","internal_order_id":1,"track_id":"1_1789162962","amount":"25.00","currency":"682"} 
[2026-09-11 21:42:42] testing.INFO: Al Rajhi hosted page URL generated {"service":"alrajhi","timestamp":"2026-09-11T21:42:42+00:00","correlation_id":"order_1","internal_order_id":1,"payment_id":"100200300"} 
[2026-09-11 21:42:42] testing.INFO: Al Rajhi payment initiation request {"service":"alrajhi","timestamp":"2026-09-11T21:42:42+00:00","correlation_id":"order_1","internal_order_id":1,"track_id":"1_1789162962","amount":"25.00","currency":"682"} 
[2026-09-11 21:42:42] testing.INFO: Al Rajhi hosted page URL generated {"service":"alrajhi","timestamp":"2026-09-11T21:42:42+00:00","correlation_id":"order_1","internal_order_id":1,"payment_id":"100200300"} 
[2026-09-11 21:42:42] testing.INFO: Al Rajhi payment initiation request {"service":"alrajhi","timestamp":"2026-09-11T21:42:42+00:00","correlation_id":"order_1","internal_order_id":1,"track_id":"1_1789162962","amount":"25.00","currency":"682"} 
[2026-09-11 21:42:42] testing.INFO: Al Rajhi hosted page URL generated {"service":"alrajhi","timestamp":"2026-09-11T21:42:42+00:00","correlation_id":"order_1","internal_order_id":1,"payment_id":"100200300"} 
[2026-09-11 21:42:42] testing.INFO: Al Rajhi callback received {"service":"alrajhi","timestamp":"2026-09-11T21:42:42+00:00","correlation_id":"order_1","internal_order_id":1,"result":"CAPTURED","payment_id":"PAY-1","transaction_id":"TRX-1"} 
[2026-09-11 21:42:42] testing.INFO: Payment status updated to paid - order released to provider {"service":"alrajhi","timestamp":"2026-09-11T21:42:42+00:00","correlation_id":"order_1","internal_order_id":1,"provider_id":1,"status":"pending","transaction_id":"TRX-1","payment_reference":"PAY-1"} 
[2026-09-11 21:42:42] testing.INFO: Al Rajhi callback received {"service":"alrajhi","timestamp":"2026-09-11T21:42:42+00:00","correlation_id":"order_1","internal_order_id":1,"result":"CAPTURED","payment_id":"PAY-1","transaction_id":"TRX-1"} 
[2026-09-11 21:42:42] testing.INFO: Order already paid - callback ignored {"service":"alrajhi","timestamp":"2026-09-11T21:42:42+00:00","correlation_id":"order_1","internal_order_id":1} 
[2026-09-11 21:42:42] testing.INFO: Al Rajhi payment initiation request {"service":"alrajhi","timestamp":"2026-09-11T21:42:42+00:00","correlation_id":"order_1","internal_order_id":1,"track_id":"1_1789162962","amount":"25.00","currency":"682"} 
[2026-09-11 21:42:42] testing.INFO: Al Rajhi hosted page URL generated {"service":"alrajhi","timestamp":"2026-09-11T21:42:42+00:00","correlation_id":"order_1","internal_order_id":1,"payment_id":"100200300"} 
[2026-09-11 21:42:42] testing.INFO: Payment status updated to paid - order released to provider {"service":"alrajhi","timestamp":"2026-09-11T21:42:42+00:00","correlation_id":"order_1","internal_order_id":1,"provider_id":1,"status":"pending","transaction_id":"TRX-2","payment_reference":"PAY-2"} 
[2026-09-11 21:42:42] testing.INFO: Provider notified of paid order {"service":"alrajhi","timestamp":"2026-09-11T21:42:42+00:00","correlation_id":"order_1","internal_order_id":1,"provider_id":1} 
[2026-09-11 21:42:42] testing.INFO: Al Rajhi payment initiation request {"service":"alrajhi","timestamp":"2026-09-11T21:42:42+00:00","correlation_id":"order_1","internal_order_id":1,"track_id":"1_1789162962","amount":"25.00","currency":"682"} 
[2026-09-11 21:42:42] testing.INFO: Al Rajhi hosted page URL generated {"service":"alrajhi","timestamp":"2026-09-11T21:42:42+00:00","correlation_id":"order_1","internal_order_id":1,"payment_id":"100200300"} 
[2026-09-11 21:42:42] testing.INFO: Payment status updated to paid - order released to provider {"service":"alrajhi","timestamp":"2026-09-11T21:42:42+00:00","correlation_id":"order_1","internal_order_id":1,"provider_id":1,"status":"pending","transaction_id":"TRX-3","payment_reference":"100200300"} 
[2026-09-11 21:42:42] testing.INFO: Provider notified of paid order {"service":"alrajhi","timestamp":"2026-09-11T21:42:42+00:00","correlation_id":"order_1","internal_order_id":1,"provider_id":1} 
[2026-09-11 21:42:42] testing.INFO: Provider notified of paid order {"service":"alrajhi","timestamp":"2026-09-11T21:42:42+00:00","correlation_id":"order_1","internal_order_id":1,"provider_id":1} 
[2026-09-11 21:42:42] testing.INFO: Provider notified of paid order {"service":"alrajhi","timestamp":"2026-09-11T21:42:42+00:00","correlation_id":"order_1","internal_order_id":1,"provider_id":1} 
[2026-09-11 21:42:42] testing.INFO: Al Rajhi payment initiation request {"service":"alrajhi","timestamp":"2026-09-11T21:42:42+00:00","correlation_id":"order_1","internal_order_id":1,"track_id":"1_1789162962","amount":"25.00","currency":"682"} 
[2026-09-11 21:42:42] testing.INFO: Al Rajhi hosted page URL generated {"service":"alrajhi","timestamp":"2026-09-11T21:42:42+00:00","correlation_id":"order_1","internal_order_id":1,"payment_id":"100200300"} 
[2026-09-11 21:42:42] testing.INFO: Al Rajhi payment initiation request {"service":"alrajhi","timestamp":"2026-09-11T21:42:42+00:00","correlation_id":"order_1","internal_order_id":1,"track_id":"1_1789162962","amount":"25.00","currency":"682"} 
[2026-09-11 21:42:42] testing.INFO: Al Rajhi hosted page URL generated {"service":"alrajhi","timestamp":"2026-09-11T21:42:42+00:00","correlation_id":"order_1","internal_order_id":1,"payment_id":"100200300"} 
[2026-09-11 21:42:42] testing.INFO: Al Rajhi callback received {"service":"alrajhi","timestamp":"2026-09-11T21:42:42+00:00","correlation_id":"order_1","internal_order_id":1,"result":"NOT CAPTURED"} 
[2026-09-11 21:42:42] testing.INFO: Payment status updated to failed - order remains hidden from provider {"service":"alrajhi","timestamp":"2026-09-11T21:42:42+00:00","correlation_id":"order_1","internal_order_id":1,"result":"NOT CAPTURED"} 
[2026-09-11 21:42:42] testing.ERROR: Al Rajhi error URL hit {"service":"alrajhi","timestamp":"2026-09-11T21:42:42+00:00","correlation_id":"order_1","internal_order_id":1,"track_id":"1_1700000000","error_text":"Transaction cancelled by user"} 
[2026-09-11 21:42:42] testing.INFO: Payment status updated to failed - order remains hidden from provider {"service":"alrajhi","timestamp":"2026-09-11T21:42:42+00:00","correlation_id":"order_1","internal_order_id":1,"result":"ERROR","error_text":"Transaction cancelled by user"} 
[2026-09-11 21:42:42] testing.INFO: Al Rajhi payment initiation request {"service":"alrajhi","timestamp":"2026-09-11T21:42:42+00:00","correlation_id":"order_1","internal_order_id":1,"track_id":"1_1789162962","amount":"25.00","currency":"682"} 
[2026-09-11 21:42:42] testing.INFO: Al Rajhi hosted page URL generated {"service":"alrajhi","timestamp":"2026-09-11T21:42:42+00:00","correlation_id":"order_1","internal_order_id":1,"payment_id":"100200300"} 
[2026-09-11 21:42:42] testing.INFO: Al Rajhi payment initiation request {"service":"alrajhi","timestamp":"2026-09-11T21:42:42+00:00","correlation_id":"order_1","internal_order_id":1,"track_id":"1_1789162962","amount":"25.00","currency":"682"} 
[2026-09-11 21:42:42] testing.INFO: Al Rajhi hosted page URL generated {"service":"alrajhi","timestamp":"2026-09-11T21:42:42+00:00","correlation_id":"order_1","internal_order_id":1,"payment_id":"100200300"} 
[2026-09-11 21:42:42] testing.INFO: Payment status updated to paid - order released to provider {"service":"alrajhi","timestamp":"2026-09-11T21:42:42+00:00","correlation_id":"order_1","internal_order_id":1,"provider_id":1,"status":"pending","transaction_id":"TRX-4","payment_reference":"100200300"} 
[2026-09-11 21:42:42] testing.INFO: Provider notified of paid order {"service":"alrajhi","timestamp":"2026-09-11T21:42:42+00:00","correlation_id":"order_1","internal_order_id":1,"provider_id":1} 
[2026-09-11 21:42:42] testing.INFO: Al Rajhi callback received {"service":"alrajhi","timestamp":"2026-09-11T21:42:42+00:00","correlation_id":"order_1","internal_order_id":1,"result":"NOT CAPTURED"} 
[2026-09-11 21:42:42] testing.INFO: Sending OTP to 0559999999 with code 3580  
[2026-09-11 21:42:42] testing.INFO: Sending OTP to 0559999999 with code 3733  
[2026-09-11 21:42:42] testing.INFO: Sending OTP to 0559999999 with code 7408  
[2026-09-11 21:42:43] testing.INFO: Sending OTP to 0559999999 with code 9785  
[2026-09-11 21:44:02] local.INFO: Sending OTP to 514755897 with code 2573  
[2026-09-11 21:45:53] local.INFO: Sending OTP to 514258747 with code 3552  
[2026-09-11 21:48:45] local.INFO: Sending OTP to 514258747 with code 7453  
[2026-09-11 21:51:24] local.INFO: Sending OTP to 514758747 with code 8985  
[2026-09-11 21:52:40] local.INFO: Sending OTP to 514758747 with code 8366  
[2026-09-11 22:06:24] local.INFO: Al Rajhi payment initiation request {"service":"alrajhi","timestamp":"2026-09-11T22:06:24+00:00","correlation_id":"order_21","internal_order_id":21,"track_id":"21_1789164384","amount":"67.50","currency":"682"} 
[2026-09-11 22:06:26] local.ERROR: Al Rajhi payment initiation failed {"service":"alrajhi","timestamp":"2026-09-11T22:06:26+00:00","correlation_id":"order_21","internal_order_id":21,"status_code":200,"gateway_status":"2","error_text":"!ERROR!-IPAY0100029-Invalid user defined field2."} 
[2026-09-11 22:11:30] local.INFO: Al Rajhi payment initiation request {"service":"alrajhi","timestamp":"2026-09-11T22:11:30+00:00","correlation_id":"order_22","internal_order_id":22,"track_id":"22_1789164690","amount":"67.50","currency":"682"} 
[2026-09-11 22:11:31] local.ERROR: Al Rajhi payment initiation failed {"service":"alrajhi","timestamp":"2026-09-11T22:11:31+00:00","correlation_id":"order_22","internal_order_id":22,"status_code":200,"gateway_status":"2","error_text":"!ERROR!-IPAY0100029-Invalid user defined field2."} 
[2026-09-11 22:54:17] testing.INFO: Al Rajhi payment initiation request {"service":"alrajhi","timestamp":"2026-09-11T22:54:17+00:00","correlation_id":"order_42","internal_order_id":42,"track_id":"42_1789167257","amount":"150.50","currency":"682"} 
[2026-09-11 22:54:17] testing.INFO: Al Rajhi hosted page URL generated {"service":"alrajhi","timestamp":"2026-09-11T22:54:17+00:00","correlation_id":"order_42","internal_order_id":42,"payment_id":"100200300"} 
[2026-09-11 22:54:17] testing.INFO: Al Rajhi payment initiation request {"service":"alrajhi","timestamp":"2026-09-11T22:54:17+00:00","correlation_id":"order_42","internal_order_id":42,"track_id":"42_1789167257","amount":"10.00","currency":"682"} 
[2026-09-11 22:54:17] testing.INFO: Al Rajhi hosted page URL generated {"service":"alrajhi","timestamp":"2026-09-11T22:54:17+00:00","correlation_id":"order_42","internal_order_id":42,"payment_id":"1"} 
[2026-09-11 22:54:17] testing.INFO: Al Rajhi payment initiation request {"service":"alrajhi","timestamp":"2026-09-11T22:54:17+00:00","correlation_id":"order_7","internal_order_id":7,"track_id":"7_1789167257","amount":"10.00","currency":"682"} 
[2026-09-11 22:54:17] testing.ERROR: Al Rajhi payment initiation failed {"service":"alrajhi","timestamp":"2026-09-11T22:54:17+00:00","correlation_id":"order_7","internal_order_id":7,"status_code":200,"error_text":"Invalid Transportal ID"} 
[2026-09-11 22:54:18] testing.INFO: Al Rajhi callback received {"service":"alrajhi","timestamp":"2026-09-11T22:54:18+00:00","correlation_id":"order_55","internal_order_id":55,"result":"CAPTURED","payment_id":"PAY-1","transaction_id":"TRX-1"} 
[2026-09-11 22:54:18] testing.INFO: Al Rajhi callback received {"service":"alrajhi","timestamp":"2026-09-11T22:54:18+00:00","correlation_id":"order_56","internal_order_id":56,"result":"NOT CAPTURED"} 
[2026-09-11 22:54:18] testing.ERROR: Al Rajhi callback payload could not be decoded {"service":"alrajhi","timestamp":"2026-09-11T22:54:18+00:00","correlation_id":"pay_32027231-1864-4254-9f86-fd01c9819429","ip":"127.0.0.1","has_trandata":true} 
[2026-09-11 22:54:18] testing.ERROR: Al Rajhi callback payload could not be decoded {"service":"alrajhi","timestamp":"2026-09-11T22:54:18+00:00","correlation_id":"pay_40abe73f-ced3-4a0c-ae3b-25039b5dc96b","ip":"127.0.0.1"} 
[2026-09-11 22:54:18] testing.ERROR: Al Rajhi callback: order not found {"service":"alrajhi","timestamp":"2026-09-11T22:54:18+00:00","correlation_id":"pay_890d3840-f6c7-4790-9dd3-807835b303a7","track_id":"999_1","result":"CAPTURED"} 
[2026-09-11 22:54:18] testing.INFO: Al Rajhi payment initiation request {"service":"alrajhi","timestamp":"2026-09-11T22:54:18+00:00","correlation_id":"order_1","internal_order_id":1,"track_id":"1_1789167258","amount":"50.00","currency":"682"} 
[2026-09-11 22:54:18] testing.INFO: Al Rajhi hosted page URL generated {"service":"alrajhi","timestamp":"2026-09-11T22:54:18+00:00","correlation_id":"order_1","internal_order_id":1,"payment_id":"100200300"} 
[2026-09-11 22:54:18] testing.INFO: Al Rajhi payment initiation request {"service":"alrajhi","timestamp":"2026-09-11T22:54:18+00:00","correlation_id":"order_1","internal_order_id":1,"track_id":"1_1789167258","amount":"25.00","currency":"682"} 
[2026-09-11 22:54:18] testing.INFO: Al Rajhi hosted page URL generated {"service":"alrajhi","timestamp":"2026-09-11T22:54:18+00:00","correlation_id":"order_1","internal_order_id":1,"payment_id":"100200300"} 
[2026-09-11 22:54:18] testing.INFO: Al Rajhi payment initiation request {"service":"alrajhi","timestamp":"2026-09-11T22:54:18+00:00","correlation_id":"order_1","internal_order_id":1,"track_id":"1_1789167258","amount":"25.00","currency":"682"} 
[2026-09-11 22:54:18] testing.INFO: Al Rajhi hosted page URL generated {"service":"alrajhi","timestamp":"2026-09-11T22:54:18+00:00","correlation_id":"order_1","internal_order_id":1,"payment_id":"100200300"} 
[2026-09-11 22:54:18] testing.INFO: Al Rajhi payment initiation request {"service":"alrajhi","timestamp":"2026-09-11T22:54:18+00:00","correlation_id":"order_1","internal_order_id":1,"track_id":"1_1789167258","amount":"25.00","currency":"682"} 
[2026-09-11 22:54:18] testing.INFO: Al Rajhi hosted page URL generated {"service":"alrajhi","timestamp":"2026-09-11T22:54:18+00:00","correlation_id":"order_1","internal_order_id":1,"payment_id":"100200300"} 
[2026-09-11 22:54:18] testing.INFO: Al Rajhi callback received {"service":"alrajhi","timestamp":"2026-09-11T22:54:18+00:00","correlation_id":"order_1","internal_order_id":1,"result":"CAPTURED","payment_id":"PAY-1","transaction_id":"TRX-1"} 
[2026-09-11 22:54:18] testing.INFO: Payment status updated to paid - order released to provider {"service":"alrajhi","timestamp":"2026-09-11T22:54:18+00:00","correlation_id":"order_1","internal_order_id":1,"provider_id":1,"status":"pending","transaction_id":"TRX-1","payment_reference":"PAY-1"} 
[2026-09-11 22:54:19] testing.INFO: Al Rajhi callback received {"service":"alrajhi","timestamp":"2026-09-11T22:54:19+00:00","correlation_id":"order_1","internal_order_id":1,"result":"CAPTURED","payment_id":"PAY-1","transaction_id":"TRX-1"} 
[2026-09-11 22:54:19] testing.INFO: Order already paid - callback ignored {"service":"alrajhi","timestamp":"2026-09-11T22:54:19+00:00","correlation_id":"order_1","internal_order_id":1} 
[2026-09-11 22:54:19] testing.INFO: Al Rajhi payment initiation request {"service":"alrajhi","timestamp":"2026-09-11T22:54:19+00:00","correlation_id":"order_1","internal_order_id":1,"track_id":"1_1789167259","amount":"25.00","currency":"682"} 
[2026-09-11 22:54:19] testing.INFO: Al Rajhi hosted page URL generated {"service":"alrajhi","timestamp":"2026-09-11T22:54:19+00:00","correlation_id":"order_1","internal_order_id":1,"payment_id":"100200300"} 
[2026-09-11 22:54:19] testing.INFO: Payment status updated to paid - order released to provider {"service":"alrajhi","timestamp":"2026-09-11T22:54:19+00:00","correlation_id":"order_1","internal_order_id":1,"provider_id":1,"status":"pending","transaction_id":"TRX-2","payment_reference":"PAY-2"} 
[2026-09-11 22:54:19] testing.INFO: Provider notified of paid order {"service":"alrajhi","timestamp":"2026-09-11T22:54:19+00:00","correlation_id":"order_1","internal_order_id":1,"provider_id":1} 
[2026-09-11 22:54:19] testing.INFO: Al Rajhi payment initiation request {"service":"alrajhi","timestamp":"2026-09-11T22:54:19+00:00","correlation_id":"order_1","internal_order_id":1,"track_id":"1_1789167259","amount":"25.00","currency":"682"} 
[2026-09-11 22:54:19] testing.INFO: Al Rajhi hosted page URL generated {"service":"alrajhi","timestamp":"2026-09-11T22:54:19+00:00","correlation_id":"order_1","internal_order_id":1,"payment_id":"100200300"} 
[2026-09-11 22:54:19] testing.INFO: Payment status updated to paid - order released to provider {"service":"alrajhi","timestamp":"2026-09-11T22:54:19+00:00","correlation_id":"order_1","internal_order_id":1,"provider_id":1,"status":"pending","transaction_id":"TRX-3","payment_reference":"100200300"} 
[2026-09-11 22:54:19] testing.INFO: Provider notified of paid order {"service":"alrajhi","timestamp":"2026-09-11T22:54:19+00:00","correlation_id":"order_1","internal_order_id":1,"provider_id":1} 
[2026-09-11 22:54:19] testing.INFO: Provider notified of paid order {"service":"alrajhi","timestamp":"2026-09-11T22:54:19+00:00","correlation_id":"order_1","internal_order_id":1,"provider_id":1} 
[2026-09-11 22:54:19] testing.INFO: Provider notified of paid order {"service":"alrajhi","timestamp":"2026-09-11T22:54:19+00:00","correlation_id":"order_1","internal_order_id":1,"provider_id":1} 
[2026-09-11 22:54:19] testing.INFO: Al Rajhi payment initiation request {"service":"alrajhi","timestamp":"2026-09-11T22:54:19+00:00","correlation_id":"order_1","internal_order_id":1,"track_id":"1_1789167259","amount":"25.00","currency":"682"} 
[2026-09-11 22:54:19] testing.INFO: Al Rajhi hosted page URL generated {"service":"alrajhi","timestamp":"2026-09-11T22:54:19+00:00","correlation_id":"order_1","internal_order_id":1,"payment_id":"100200300"} 
[2026-09-11 22:54:19] testing.INFO: Al Rajhi payment initiation request {"service":"alrajhi","timestamp":"2026-09-11T22:54:19+00:00","correlation_id":"order_1","internal_order_id":1,"track_id":"1_1789167259","amount":"25.00","currency":"682"} 
[2026-09-11 22:54:19] testing.INFO: Al Rajhi hosted page URL generated {"service":"alrajhi","timestamp":"2026-09-11T22:54:19+00:00","correlation_id":"order_1","internal_order_id":1,"payment_id":"100200300"} 
[2026-09-11 22:54:19] testing.INFO: Al Rajhi callback received {"service":"alrajhi","timestamp":"2026-09-11T22:54:19+00:00","correlation_id":"order_1","internal_order_id":1,"result":"NOT CAPTURED"} 
[2026-09-11 22:54:19] testing.INFO: Payment status updated to failed - order remains hidden from provider {"service":"alrajhi","timestamp":"2026-09-11T22:54:19+00:00","correlation_id":"order_1","internal_order_id":1,"result":"NOT CAPTURED"} 
[2026-09-11 22:54:19] testing.ERROR: Al Rajhi error URL hit {"service":"alrajhi","timestamp":"2026-09-11T22:54:19+00:00","correlation_id":"order_1","internal_order_id":1,"track_id":"1_1700000000","error_text":"Transaction cancelled by user"} 
[2026-09-11 22:54:19] testing.INFO: Payment status updated to failed - order remains hidden from provider {"service":"alrajhi","timestamp":"2026-09-11T22:54:19+00:00","correlation_id":"order_1","internal_order_id":1,"result":"ERROR","error_text":"Transaction cancelled by user"} 
[2026-09-11 22:54:19] testing.INFO: Al Rajhi payment initiation request {"service":"alrajhi","timestamp":"2026-09-11T22:54:19+00:00","correlation_id":"order_1","internal_order_id":1,"track_id":"1_1789167259","amount":"25.00","currency":"682"} 
[2026-09-11 22:54:19] testing.INFO: Al Rajhi hosted page URL generated {"service":"alrajhi","timestamp":"2026-09-11T22:54:19+00:00","correlation_id":"order_1","internal_order_id":1,"payment_id":"100200300"} 
[2026-09-11 22:54:19] testing.INFO: Al Rajhi payment initiation request {"service":"alrajhi","timestamp":"2026-09-11T22:54:19+00:00","correlation_id":"order_1","internal_order_id":1,"track_id":"1_1789167259","amount":"25.00","currency":"682"} 
[2026-09-11 22:54:19] testing.INFO: Al Rajhi hosted page URL generated {"service":"alrajhi","timestamp":"2026-09-11T22:54:19+00:00","correlation_id":"order_1","internal_order_id":1,"payment_id":"100200300"} 
[2026-09-11 22:54:19] testing.INFO: Payment status updated to paid - order released to provider {"service":"alrajhi","timestamp":"2026-09-11T22:54:19+00:00","correlation_id":"order_1","internal_order_id":1,"provider_id":1,"status":"pending","transaction_id":"TRX-4","payment_reference":"100200300"} 
[2026-09-11 22:54:19] testing.INFO: Provider notified of paid order {"service":"alrajhi","timestamp":"2026-09-11T22:54:19+00:00","correlation_id":"order_1","internal_order_id":1,"provider_id":1} 
[2026-09-11 22:54:19] testing.INFO: Al Rajhi callback received {"service":"alrajhi","timestamp":"2026-09-11T22:54:19+00:00","correlation_id":"order_1","internal_order_id":1,"result":"NOT CAPTURED"} 
[2026-09-11 22:54:19] testing.INFO: Sending OTP to 0559999999 with code 3752  
[2026-09-11 22:54:19] testing.INFO: Sending OTP to 0559999999 with code 4349  
[2026-09-11 22:54:19] testing.INFO: Sending OTP to 0559999999 with code 9156  
[2026-09-11 22:54:19] testing.INFO: Sending OTP to 0559999999 with code 8698  
[2026-09-11 22:58:01] local.INFO: Al Rajhi payment initiation request {"service":"alrajhi","timestamp":"2026-09-11T22:58:01+00:00","correlation_id":"order_23","internal_order_id":23,"track_id":"23_1789167481","amount":"125.50","currency":"682"} 
[2026-09-11 22:58:02] local.INFO: Al Rajhi hosted page URL generated {"service":"alrajhi","timestamp":"2026-09-11T22:58:02+00:00","correlation_id":"order_23","internal_order_id":23,"payment_id":"700202625533741819"} 
[2026-09-11 23:08:24] local.INFO: Al Rajhi payment initiation request {"service":"alrajhi","timestamp":"2026-09-11T23:08:24+00:00","correlation_id":"order_24","internal_order_id":24,"track_id":"24_1789168104","amount":"106.50","currency":"682"} 
[2026-09-11 23:08:25] local.INFO: Al Rajhi hosted page URL generated {"service":"alrajhi","timestamp":"2026-09-11T23:08:25+00:00","correlation_id":"order_24","internal_order_id":24,"payment_id":"700202625534053372"} 
[2026-09-11 23:13:57] local.INFO: Al Rajhi payment initiation request {"service":"alrajhi","timestamp":"2026-09-11T23:13:57+00:00","correlation_id":"order_25","internal_order_id":25,"track_id":"25_1789168437","amount":"106.50","currency":"682"} 
[2026-09-11 23:13:58] local.INFO: Al Rajhi hosted page URL generated {"service":"alrajhi","timestamp":"2026-09-11T23:13:58+00:00","correlation_id":"order_25","internal_order_id":25,"payment_id":"700202625565780440"} 
[2026-09-11 23:14:09] local.INFO: Al Rajhi payment initiation request {"service":"alrajhi","timestamp":"2026-09-11T23:14:09+00:00","correlation_id":"order_26","internal_order_id":26,"track_id":"26_1789168449","amount":"106.50","currency":"682"} 
[2026-09-11 23:14:10] local.INFO: Al Rajhi hosted page URL generated {"service":"alrajhi","timestamp":"2026-09-11T23:14:10+00:00","correlation_id":"order_26","internal_order_id":26,"payment_id":"700202625565774133"} 
[2026-09-11 23:14:24] local.INFO: Al Rajhi payment initiation request {"service":"alrajhi","timestamp":"2026-09-11T23:14:24+00:00","correlation_id":"order_27","internal_order_id":27,"track_id":"27_1789168464","amount":"106.50","currency":"682"} 
[2026-09-11 23:14:25] local.INFO: Al Rajhi hosted page URL generated {"service":"alrajhi","timestamp":"2026-09-11T23:14:25+00:00","correlation_id":"order_27","internal_order_id":27,"payment_id":"700202625565766816"} 
[2026-09-22 14:17:34] local.ERROR: No arguments expected for "migrate:fresh" command, got "seed". {"exception":"[object] (Symfony\\Component\\Console\\Exception\\RuntimeException(code: 0): No arguments expected for \"migrate:fresh\" command, got \"seed\". at C:\\laragon\\www\\aber\\vendor\\symfony\\console\\Input\\ArgvInput.php:199)
[stacktrace]
#0 C:\\laragon\\www\\aber\\vendor\\symfony\\console\\Input\\ArgvInput.php(92): Symfony\\Component\\Console\\Input\\ArgvInput->parseArgument('seed')
#1 C:\\laragon\\www\\aber\\vendor\\symfony\\console\\Input\\ArgvInput.php(77): Symfony\\Component\\Console\\Input\\ArgvInput->parseToken('seed', true)
#2 C:\\laragon\\www\\aber\\vendor\\symfony\\console\\Input\\Input.php(53): Symfony\\Component\\Console\\Input\\ArgvInput->parse()
#3 C:\\laragon\\www\\aber\\vendor\\symfony\\console\\Command\\Command.php(238): Symfony\\Component\\Console\\Input\\Input->bind(Object(Symfony\\Component\\Console\\Input\\InputDefinition))
#4 C:\\laragon\\www\\aber\\vendor\\laravel\\framework\\src\\Illuminate\\Console\\Command.php(180): Symfony\\Component\\Console\\Command\\Command->run(Object(Symfony\\Component\\Console\\Input\\ArgvInput), Object(Illuminate\\Console\\OutputStyle))
#5 C:\\laragon\\www\\aber\\vendor\\symfony\\console\\Application.php(1094): Illuminate\\Console\\Command->run(Object(Symfony\\Component\\Console\\Input\\ArgvInput), Object(Symfony\\Component\\Console\\Output\\ConsoleOutput))
#6 C:\\laragon\\www\\aber\\vendor\\symfony\\console\\Application.php(342): Symfony\\Component\\Console\\Application->doRunCommand(Object(Illuminate\\Database\\Console\\Migrations\\FreshCommand), Object(Symfony\\Component\\Console\\Input\\ArgvInput), Object(Symfony\\Component\\Console\\Output\\ConsoleOutput))
#7 C:\\laragon\\www\\aber\\vendor\\symfony\\console\\Application.php(193): Symfony\\Component\\Console\\Application->doRun(Object(Symfony\\Component\\Console\\Input\\ArgvInput), Object(Symfony\\Component\\Console\\Output\\ConsoleOutput))
#8 C:\\laragon\\www\\aber\\vendor\\laravel\\framework\\src\\Illuminate\\Foundation\\Console\\Kernel.php(197): Symfony\\Component\\Console\\Application->run(Object(Symfony\\Component\\Console\\Input\\ArgvInput), Object(Symfony\\Component\\Console\\Output\\ConsoleOutput))
#9 C:\\laragon\\www\\aber\\vendor\\laravel\\framework\\src\\Illuminate\\Foundation\\Application.php(1234): Illuminate\\Foundation\\Console\\Kernel->handle(Object(Symfony\\Component\\Console\\Input\\ArgvInput), Object(Symfony\\Component\\Console\\Output\\ConsoleOutput))
#10 C:\\laragon\\www\\aber\\artisan(16): Illuminate\\Foundation\\Application->handleCommand(Object(Symfony\\Component\\Console\\Input\\ArgvInput))
#11 {main}
"} 
[2026-09-22 15:33:31] local.INFO: Sending OTP to 500000001 with code 1234  
[2026-09-22 15:33:40] local.INFO: Sending OTP to 500200001 with code 8754  
[2026-09-22 15:34:21] local.INFO: Sending OTP to 500000001 with code 1234  
[2026-09-22 16:48:52] testing.INFO: OTP issued {"phone":"05****9999","user_type":"client","bypassed":false,"code":"6341"} 
[2026-09-22 16:48:54] testing.INFO: OTP issued {"phone":"05****9999","user_type":"client","bypassed":false,"code":"3306"} 
[2026-09-22 16:48:55] testing.INFO: OTP issued {"phone":"05****9999","user_type":"client","bypassed":false,"code":"2909"} 
[2026-09-22 16:48:55] testing.INFO: OTP issued {"phone":"05****9999","user_type":"vendor","bypassed":false,"code":"2361"} 
[2026-09-22 16:48:55] testing.INFO: OTP issued {"phone":"05****9999","user_type":"client","bypassed":false,"code":"6392"} 
[2026-09-22 16:48:55] testing.INFO: OTP issued {"phone":"05****9999","user_type":"client","bypassed":false,"code":"7376"} 
[2026-09-22 16:48:55] testing.INFO: OTP issued {"phone":"05****9999","user_type":"client","bypassed":false,"code":"6244"} 
[2026-09-22 16:48:55] testing.INFO: OTP issued {"phone":"05****9999","user_type":"client","bypassed":false,"code":"3352"} 
[2026-09-22 16:48:55] testing.INFO: OTP issued {"phone":"05****9999","user_type":"client","bypassed":false,"code":"7639"} 
[2026-09-22 16:48:55] testing.INFO: OTP issued {"phone":"05****9999","user_type":"client","bypassed":false,"code":"4352"} 
[2026-09-22 16:48:55] testing.INFO: OTP issued {"phone":"05****0001","user_type":"client","bypassed":true,"code":"1234"} 
[2026-09-22 16:48:55] testing.INFO: OTP issued {"phone":"05****0001","user_type":"client","bypassed":true,"code":"1234"} 
[2026-09-22 16:48:56] testing.INFO: OTP issued {"phone":"05****0001","user_type":"client","bypassed":true,"code":"1234"} 
[2026-09-22 16:48:56] testing.INFO: OTP issued {"phone":"05****0001","user_type":"client","bypassed":true,"code":"1234"} 
[2026-09-22 16:48:56] testing.INFO: OTP issued {"phone":"05****9999","user_type":"client","bypassed":false,"code":"2717"} 
[2026-09-22 16:48:56] testing.INFO: OTP issued {"phone":"05****9999","user_type":"client","bypassed":false,"code":"4386"} 
[2026-09-22 16:48:56] testing.INFO: OTP issued {"phone":"05****9999","user_type":"vendor","bypassed":false,"code":"3319"} 
[2026-09-22 16:48:56] testing.INFO: OTP issued {"phone":"05****0001","user_type":"client","bypassed":true,"code":"1234"} 
[2026-09-22 16:48:56] testing.INFO: OTP issued {"phone":"05****0001","user_type":"client","bypassed":true,"code":"1234"} 
[2026-09-22 16:48:57] testing.INFO: OTP issued {"phone":"05****0001","user_type":"client","bypassed":false,"code":"2372"} 
[2026-09-22 16:49:08] testing.INFO: Al Rajhi payment initiation request {"service":"alrajhi","timestamp":"2026-09-22T16:49:08+00:00","correlation_id":"order_42","internal_order_id":42,"track_id":"42_1790095748","amount":"150.50","currency":"682"} 
[2026-09-22 16:49:09] testing.INFO: Al Rajhi hosted page URL generated {"service":"alrajhi","timestamp":"2026-09-22T16:49:09+00:00","correlation_id":"order_42","internal_order_id":42,"payment_id":"100200300"} 
[2026-09-22 16:49:09] testing.INFO: Al Rajhi payment initiation request {"service":"alrajhi","timestamp":"2026-09-22T16:49:09+00:00","correlation_id":"order_42","internal_order_id":42,"track_id":"42_1790095749","amount":"10.00","currency":"682"} 
[2026-09-22 16:49:09] testing.INFO: Al Rajhi hosted page URL generated {"service":"alrajhi","timestamp":"2026-09-22T16:49:09+00:00","correlation_id":"order_42","internal_order_id":42,"payment_id":"1"} 
[2026-09-22 16:49:09] testing.INFO: Al Rajhi payment initiation request {"service":"alrajhi","timestamp":"2026-09-22T16:49:09+00:00","correlation_id":"order_7","internal_order_id":7,"track_id":"7_1790095749","amount":"10.00","currency":"682"} 
[2026-09-22 16:49:09] testing.ERROR: Al Rajhi payment initiation failed {"service":"alrajhi","timestamp":"2026-09-22T16:49:09+00:00","correlation_id":"order_7","internal_order_id":7,"status_code":200,"error_text":"Invalid Transportal ID"} 
[2026-09-22 16:49:09] testing.INFO: Al Rajhi callback received {"service":"alrajhi","timestamp":"2026-09-22T16:49:09+00:00","correlation_id":"order_55","internal_order_id":55,"result":"CAPTURED","payment_id":"PAY-1","transaction_id":"TRX-1"} 
[2026-09-22 16:49:09] testing.INFO: Al Rajhi callback received {"service":"alrajhi","timestamp":"2026-09-22T16:49:09+00:00","correlation_id":"order_56","internal_order_id":56,"result":"NOT CAPTURED"} 
[2026-09-22 16:49:10] testing.ERROR: Al Rajhi callback payload could not be decoded {"service":"alrajhi","timestamp":"2026-09-22T16:49:10+00:00","correlation_id":"pay_6b81567a-ac2f-439c-9567-bcdd439662ae","ip":"127.0.0.1","has_trandata":true} 
[2026-09-22 16:49:10] testing.ERROR: Al Rajhi callback payload could not be decoded {"service":"alrajhi","timestamp":"2026-09-22T16:49:10+00:00","correlation_id":"pay_929e6b01-4e06-4885-913f-c673a769a7c9","ip":"127.0.0.1"} 
[2026-09-22 16:49:10] testing.ERROR: Al Rajhi callback: order not found {"service":"alrajhi","timestamp":"2026-09-22T16:49:10+00:00","correlation_id":"pay_ab382545-64ac-43d0-b497-93aaca4a57d6","track_id":"999_1","result":"CAPTURED"} 
[2026-09-22 16:49:14] testing.INFO: Al Rajhi payment initiation request {"service":"alrajhi","timestamp":"2026-09-22T16:49:14+00:00","correlation_id":"order_1","internal_order_id":1,"track_id":"1_1790095754","amount":"50.00","currency":"682"} 
[2026-09-22 16:49:14] testing.INFO: Al Rajhi hosted page URL generated {"service":"alrajhi","timestamp":"2026-09-22T16:49:14+00:00","correlation_id":"order_1","internal_order_id":1,"payment_id":"100200300"} 
[2026-09-22 16:49:14] testing.INFO: Al Rajhi payment initiation request {"service":"alrajhi","timestamp":"2026-09-22T16:49:14+00:00","correlation_id":"order_1","internal_order_id":1,"track_id":"1_1790095754","amount":"25.00","currency":"682"} 
[2026-09-22 16:49:14] testing.INFO: Al Rajhi hosted page URL generated {"service":"alrajhi","timestamp":"2026-09-22T16:49:14+00:00","correlation_id":"order_1","internal_order_id":1,"payment_id":"100200300"} 
[2026-09-22 16:49:14] testing.INFO: Al Rajhi payment initiation request {"service":"alrajhi","timestamp":"2026-09-22T16:49:14+00:00","correlation_id":"order_1","internal_order_id":1,"track_id":"1_1790095754","amount":"25.00","currency":"682"} 
[2026-09-22 16:49:14] testing.INFO: Al Rajhi hosted page URL generated {"service":"alrajhi","timestamp":"2026-09-22T16:49:14+00:00","correlation_id":"order_1","internal_order_id":1,"payment_id":"100200300"} 
[2026-09-22 16:49:14] testing.INFO: Al Rajhi payment initiation request {"service":"alrajhi","timestamp":"2026-09-22T16:49:14+00:00","correlation_id":"order_1","internal_order_id":1,"track_id":"1_1790095754","amount":"25.00","currency":"682"} 
[2026-09-22 16:49:14] testing.INFO: Al Rajhi hosted page URL generated {"service":"alrajhi","timestamp":"2026-09-22T16:49:14+00:00","correlation_id":"order_1","internal_order_id":1,"payment_id":"100200300"} 
[2026-09-22 16:49:14] testing.INFO: Al Rajhi callback received {"service":"alrajhi","timestamp":"2026-09-22T16:49:14+00:00","correlation_id":"order_1","internal_order_id":1,"result":"CAPTURED","payment_id":"PAY-1","transaction_id":"TRX-1"} 
[2026-09-22 16:49:14] testing.INFO: Payment status updated to paid - order released to provider {"service":"alrajhi","timestamp":"2026-09-22T16:49:14+00:00","correlation_id":"order_1","internal_order_id":1,"provider_id":1,"status":"pending","transaction_id":"TRX-1","payment_reference":"PAY-1"} 
[2026-09-22 16:49:14] testing.INFO: Al Rajhi callback received {"service":"alrajhi","timestamp":"2026-09-22T16:49:14+00:00","correlation_id":"order_1","internal_order_id":1,"result":"CAPTURED","payment_id":"PAY-1","transaction_id":"TRX-1"} 
[2026-09-22 16:49:14] testing.INFO: Order already paid - callback ignored {"service":"alrajhi","timestamp":"2026-09-22T16:49:14+00:00","correlation_id":"order_1","internal_order_id":1} 
[2026-09-22 16:49:14] testing.INFO: Al Rajhi payment initiation request {"service":"alrajhi","timestamp":"2026-09-22T16:49:14+00:00","correlation_id":"order_1","internal_order_id":1,"track_id":"1_1790095754","amount":"25.00","currency":"682"} 
[2026-09-22 16:49:14] testing.INFO: Al Rajhi hosted page URL generated {"service":"alrajhi","timestamp":"2026-09-22T16:49:14+00:00","correlation_id":"order_1","internal_order_id":1,"payment_id":"100200300"} 
[2026-09-22 16:49:14] testing.INFO: Payment status updated to paid - order released to provider {"service":"alrajhi","timestamp":"2026-09-22T16:49:14+00:00","correlation_id":"order_1","internal_order_id":1,"provider_id":1,"status":"pending","transaction_id":"TRX-2","payment_reference":"PAY-2"} 
[2026-09-22 16:49:15] testing.INFO: Provider notified of paid order {"service":"alrajhi","timestamp":"2026-09-22T16:49:15+00:00","correlation_id":"order_1","internal_order_id":1,"provider_id":1} 
[2026-09-22 16:49:15] testing.INFO: Al Rajhi payment initiation request {"service":"alrajhi","timestamp":"2026-09-22T16:49:15+00:00","correlation_id":"order_1","internal_order_id":1,"track_id":"1_1790095755","amount":"25.00","currency":"682"} 
[2026-09-22 16:49:15] testing.INFO: Al Rajhi hosted page URL generated {"service":"alrajhi","timestamp":"2026-09-22T16:49:15+00:00","correlation_id":"order_1","internal_order_id":1,"payment_id":"100200300"} 
[2026-09-22 16:49:15] testing.INFO: Payment status updated to paid - order released to provider {"service":"alrajhi","timestamp":"2026-09-22T16:49:15+00:00","correlation_id":"order_1","internal_order_id":1,"provider_id":1,"status":"pending","transaction_id":"TRX-3","payment_reference":"100200300"} 
[2026-09-22 16:49:15] testing.INFO: Provider notified of paid order {"service":"alrajhi","timestamp":"2026-09-22T16:49:15+00:00","correlation_id":"order_1","internal_order_id":1,"provider_id":1} 
[2026-09-22 16:49:15] testing.INFO: Provider notified of paid order {"service":"alrajhi","timestamp":"2026-09-22T16:49:15+00:00","correlation_id":"order_1","internal_order_id":1,"provider_id":1} 
[2026-09-22 16:49:15] testing.INFO: Provider notified of paid order {"service":"alrajhi","timestamp":"2026-09-22T16:49:15+00:00","correlation_id":"order_1","internal_order_id":1,"provider_id":1} 
[2026-09-22 16:49:15] testing.INFO: Al Rajhi payment initiation request {"service":"alrajhi","timestamp":"2026-09-22T16:49:15+00:00","correlation_id":"order_1","internal_order_id":1,"track_id":"1_1790095755","amount":"25.00","currency":"682"} 
[2026-09-22 16:49:15] testing.INFO: Al Rajhi hosted page URL generated {"service":"alrajhi","timestamp":"2026-09-22T16:49:15+00:00","correlation_id":"order_1","internal_order_id":1,"payment_id":"100200300"} 
[2026-09-22 16:49:15] testing.INFO: Al Rajhi payment initiation request {"service":"alrajhi","timestamp":"2026-09-22T16:49:15+00:00","correlation_id":"order_1","internal_order_id":1,"track_id":"1_1790095755","amount":"25.00","currency":"682"} 
[2026-09-22 16:49:15] testing.INFO: Al Rajhi hosted page URL generated {"service":"alrajhi","timestamp":"2026-09-22T16:49:15+00:00","correlation_id":"order_1","internal_order_id":1,"payment_id":"100200300"} 
[2026-09-22 16:49:15] testing.INFO: Al Rajhi callback received {"service":"alrajhi","timestamp":"2026-09-22T16:49:15+00:00","correlation_id":"order_1","internal_order_id":1,"result":"NOT CAPTURED"} 
[2026-09-22 16:49:15] testing.INFO: Payment status updated to failed - order remains hidden from provider {"service":"alrajhi","timestamp":"2026-09-22T16:49:15+00:00","correlation_id":"order_1","internal_order_id":1,"result":"NOT CAPTURED"} 
[2026-09-22 16:49:15] testing.ERROR: Al Rajhi error URL hit {"service":"alrajhi","timestamp":"2026-09-22T16:49:15+00:00","correlation_id":"order_1","internal_order_id":1,"track_id":"1_1700000000","error_text":"Transaction cancelled by user"} 
[2026-09-22 16:49:15] testing.INFO: Payment status updated to failed - order remains hidden from provider {"service":"alrajhi","timestamp":"2026-09-22T16:49:15+00:00","correlation_id":"order_1","internal_order_id":1,"result":"ERROR","error_text":"Transaction cancelled by user"} 
[2026-09-22 16:49:15] testing.INFO: Al Rajhi payment initiation request {"service":"alrajhi","timestamp":"2026-09-22T16:49:15+00:00","correlation_id":"order_1","internal_order_id":1,"track_id":"1_1790095755","amount":"25.00","currency":"682"} 
[2026-09-22 16:49:15] testing.INFO: Al Rajhi hosted page URL generated {"service":"alrajhi","timestamp":"2026-09-22T16:49:15+00:00","correlation_id":"order_1","internal_order_id":1,"payment_id":"100200300"} 
[2026-09-22 16:49:15] testing.INFO: Al Rajhi payment initiation request {"service":"alrajhi","timestamp":"2026-09-22T16:49:15+00:00","correlation_id":"order_1","internal_order_id":1,"track_id":"1_1790095755","amount":"25.00","currency":"682"} 
[2026-09-22 16:49:15] testing.INFO: Al Rajhi hosted page URL generated {"service":"alrajhi","timestamp":"2026-09-22T16:49:15+00:00","correlation_id":"order_1","internal_order_id":1,"payment_id":"100200300"} 
[2026-09-22 16:49:15] testing.INFO: Payment status updated to paid - order released to provider {"service":"alrajhi","timestamp":"2026-09-22T16:49:15+00:00","correlation_id":"order_1","internal_order_id":1,"provider_id":1,"status":"pending","transaction_id":"TRX-4","payment_reference":"100200300"} 
[2026-09-22 16:49:15] testing.INFO: Provider notified of paid order {"service":"alrajhi","timestamp":"2026-09-22T16:49:15+00:00","correlation_id":"order_1","internal_order_id":1,"provider_id":1} 
[2026-09-22 16:49:15] testing.INFO: Al Rajhi callback received {"service":"alrajhi","timestamp":"2026-09-22T16:49:15+00:00","correlation_id":"order_1","internal_order_id":1,"result":"NOT CAPTURED"} 
[2026-09-22 16:49:15] testing.INFO: OTP issued {"phone":"05****9999","user_type":"client","bypassed":false,"code":"5983"} 
[2026-09-22 16:49:15] testing.INFO: OTP issued {"phone":"05****9999","user_type":"client","bypassed":false,"code":"3710"} 
[2026-09-22 16:49:15] testing.INFO: OTP issued {"phone":"05****9999","user_type":"client","bypassed":false,"code":"5734"} 
[2026-09-22 16:49:15] testing.INFO: OTP issued {"phone":"05****9999","user_type":"client","bypassed":false,"code":"0067"} 
[2026-09-22 16:49:15] testing.INFO: OTP issued {"phone":"05****9999","user_type":"client","bypassed":false,"code":"8150"} 
[2026-09-22 16:49:15] testing.INFO: OTP issued {"phone":"05****9999","user_type":"client","bypassed":false,"code":"0905"} 
[2026-09-22 16:49:15] testing.INFO: OTP issued {"phone":"05****9999","user_type":"client","bypassed":false,"code":"9939"} 
[2026-09-22 16:49:15] testing.INFO: OTP issued {"phone":"05****9999","user_type":"vendor","bypassed":false,"code":"3919"} 
[2026-09-22 16:49:15] testing.INFO: OTP issued {"phone":"05****9999","user_type":"client","bypassed":false,"code":"6233"} 
[2026-09-22 16:49:15] testing.INFO: OTP issued {"phone":"05****9999","user_type":"client","bypassed":false,"code":"2535"} 
[2026-09-22 16:49:16] testing.INFO: OTP issued {"phone":"05****9999","user_type":"client","bypassed":false,"code":"3544"} 
[2026-09-22 16:49:16] testing.INFO: OTP issued {"phone":"05****9999","user_type":"client","bypassed":false,"code":"5894"} 
[2026-09-22 16:49:16] testing.INFO: OTP issued {"phone":"05****9999","user_type":"client","bypassed":false,"code":"4430"} 
[2026-09-22 16:49:16] testing.INFO: OTP issued {"phone":"05****9999","user_type":"client","bypassed":false,"code":"4933"} 
[2026-09-22 16:49:16] testing.INFO: OTP issued {"phone":"05****0001","user_type":"client","bypassed":true,"code":"1234"} 
[2026-09-22 16:49:16] testing.INFO: OTP issued {"phone":"05****0001","user_type":"client","bypassed":true,"code":"1234"} 
[2026-09-22 16:49:16] testing.INFO: OTP issued {"phone":"05****0001","user_type":"client","bypassed":true,"code":"1234"} 
[2026-09-22 16:49:16] testing.INFO: OTP issued {"phone":"05****0001","user_type":"client","bypassed":true,"code":"1234"} 
[2026-09-22 16:49:16] testing.INFO: OTP issued {"phone":"05****9999","user_type":"client","bypassed":false,"code":"9003"} 
[2026-09-22 16:49:16] testing.INFO: OTP issued {"phone":"05****9999","user_type":"client","bypassed":false,"code":"6594"} 
[2026-09-22 16:49:16] testing.INFO: OTP issued {"phone":"05****9999","user_type":"vendor","bypassed":false,"code":"3725"} 
[2026-09-22 16:49:16] testing.INFO: OTP issued {"phone":"05****0001","user_type":"client","bypassed":true,"code":"1234"} 
[2026-09-22 16:49:16] testing.INFO: OTP issued {"phone":"05****0001","user_type":"client","bypassed":true,"code":"1234"} 
[2026-09-22 16:49:16] testing.INFO: OTP issued {"phone":"05****0001","user_type":"client","bypassed":false,"code":"1536"} 
[2026-09-22 16:49:55] local.INFO: OTP issued {"phone":"05****0003","user_type":"client","bypassed":true,"code":"1234"} 
[2026-09-22 16:49:55] local.INFO: OTP issued {"phone":"05****4567","user_type":"vendor","bypassed":false,"code":"5176"} 
[2026-09-22 16:49:56] local.INFO: OTP issued {"phone":"05****4568","user_type":"client","bypassed":false,"code":"2976"} 
[2026-09-22 16:53:41] local.INFO: OTP issued {"phone":"05****0003","user_type":"client","bypassed":true,"code":"1234"} 
[2026-09-22 16:53:41] local.INFO: OTP issued {"phone":"05****4567","user_type":"vendor","bypassed":false,"code":"7219"} 
[2026-09-22 16:53:41] local.INFO: OTP issued {"phone":"05****4568","user_type":"client","bypassed":false,"code":"0783"} 
